Class,Sequence,Length
0,MEIPSKQIDYRDVFIEFLTTFKGNNNQNKYIERINELVAYRKKSLIIEFSDVLSFNENLAYEIINNTKIILPILEGALYDHILQLDPTYQRDIEKVHVRIVGIPRVIELRKIRSTDIGKLITIDGILVKVTPVKERIYKATYKHIHPDCMQEFEWPEDEEMPEVLEMPTICPKCGKPGQFRLIPEKTKLIDWQKAVIQERPEEVPSGQLPRQLEIILEDDLVDSARPGDRVKVTGILDIKQDSPVKRGSRAVFDIYMKVSSIEVSQKVLDEVIISEEDEKKIKDLAKDPWIRDRIISSIAPSIYGHWELKEALALALFGGVPKVLEDTRIRGDIHILIIGDPGTAKSQMLQFISRVAPRAVYTTGKGSTAAGLTAAVVREKGTGEYYLEAGALVLADGGIAVIDEIDKMRDEDRVAIHEAMEQQTVSIAKAGIVAKLNARAAVIAAGNPKFGRYISERPVSDNINLPPTILSRFDLIFILKDQPGEQDRELANYILDVHSGKSTKNIIDIDTLRKYIAYARKYVTPKITSEAKNLITDFFVEMRKKSSETPDSPILITPRQLEALIRISEAYAKMALKAEVTREDAERAINIMRLFLESVGVDMESGKIDIDTIMTGKPKSAREKMMKIIEIIDSLAVSSECAKVKDILKEAQQVGIEKSNIEKLLTDMRKSGIIYEAKPECYKKV,686
0,MYRKGAQAERELIKLLEKHGFAVVRSAGSKKVDLVAGNGKKYLCIEVKVTKKDHLYVGKRDMGRLIEFSRRFGGIPVLAVKFLNVGWRFIEVSPKIEKFVFTPSSGVSLEVLLGIQKTLEGKS,123
0,MKNVQINIGAVVKEEDEWDQEMGPFPKPGVATLRDWDFKICNRYKIMYSPADDTCTLCTYGPCDLTGNKKGACGIDMAAACGKIVLVAVLMGTCAHTAHGRHLYHWCLDKFGDMPFDMGSEILVDAPLYRTILGKKPKSLKDFGEALEYCEEEIVQLLAACHTGQEGHYMDFESKSLHSGMIDSLGKEICDMLQTVAYDMPRGAADAPLVEIGMGTLDQNKGVLIAYGHNLAAGAEAMIYTEEHNLWDKVDIGGVCCTAIDLTRITETGRESKIPANLGPKAKVAGAMGWWRKMVRAGIMDTVIVDEQCVFCDVLEDCQQRHIPVIASNDKIMLGLPDRTNDSADAIVEDLVSFKMPGVAILDPVKAGEVAIRTAVAVKPKREQYKKESLFTEQQFKDTLATCTECNQCAFVCPPHIRISEMISEALKGNLEPFSSTYEVCVGCQRCEQTCPQEIPILKLYEYANREYIRNQKFKMRAGRGPVLDTEIRKVGAPLVLGQIPGVIALVGCSNYPNGTKECYDIAKEFVDRGYIVVATGCMAMDMSLYKDEDGKTIWEQYEGAFDGRNICNIGSCVANAHIHGAAIKVATIFAHRNERANYDDIADYIMSKVGACGVAWGAYSQKAASIATGVNRIGIPVVVQPSSVIYRRTFMGRTDKPEDWMVIDAKNGNMQQIEPAPEAMLYIAETKEEAMLEMAKLCFRPSDNTQGRGIKLTHYCDISMKYFGKLPDDWHLFVRDVKDLPLNYQTQMMKELEEKHGWKIDWKAKKFISGPLRPADVSFDPTNIPRKIRAKK,793
0,MSSMNKRVFDILRELDSLVDFSRAKLQWDILIILATKGPSSTTEISQTINTSRKSIIDAIRKLVDKELVTKVKGDIYGLSEKGEKLLESFDSIMSINVTDKPDSSIESNSISLTNIAEYFYMLEILKMALLNKQITIDKASHELGISKQTLKYYIETFTENKLLKVVNQESVLGKSKKIYVLTDESRKLVSRLPELTRLKRNLPLKILLKLTGSYRYEIALTKVMLFNVISIPVLMYLKDQLGILEAIWLYVIILLPLLSIFAEIFNRI,269
0,MTAASTTATTMLQATQSDVLQEIQSNFLLNSSIWVNIALAGVVILLFVAMGRDIESPRAKLIWVATMLVPLVSISSYAGLASGLTVGFLQMPPGHALAGQEVLSPWGRYLTWTFSTPMILLALGLLADTDIASLFTAITMDIGMCVTGLAAALITSSHLLRWVFYGISCAFFVAVLYVLLVQWPADAEAAGTSEIFGTLKILTVVLWLGYPILWALGSEGVALLSVGVTSWGYSGLDILAKYVFAFLLLRWVAANEGAVSGSGMSIGSGGAAPADD,276
0,MSQLALQMSSLGVEGEGIWLALGTIGMLLGMLYFIADGLDVQDPRQKEFYVITILIPAIAAASYLSMFFGFGLTEVSLANGRVVDVYWARYADWLFTTPLLLLDIGLLAGASQRDIGALVGIDAFMIVTGLVATLTKVVVARYAFWTISTISMVFLLYYLVAVFGEAVSDADEDTRSTFNALRNIILVTWAIYPVAWLVGTEGLALTGLYGETLLFMVLDLVAKVGFGFILLRSRAIMGGGSEPTPSAQETAAD,254
0,MKGYLTFVLHTHIPYVRKHGKWPFGEEWVFEAISETYIPLLMEFERLRDSGVKFGIVINVTPVLAEQLTDEYMKKAFEEYMERKLKAMEEDLKSGKYDEKAVSYMLNYFRKVYDYWKAINGDIIGKLRELQDQGYVEVITSAATHGYLPLLGRDEAIRAQIANGVATYEKHFGMKPKGIWLPECAYRPAGEWELPGGRKVKRQGIEKFLEEFGLRYFFVESRLIDEGPASNVYGEVLIADTEKTTLRPYWIKGSNVAVFARNRETGHQVWSAHYGYPGDFWYREFHKKAPKSGGQYWRITSKEVGLGEKEFYDPDKAMERVEEHARHFVSLVERLLREHEEKFGEKGIIVAPYDTELFGHWWFEGVKWLGRVLELLYQRGVETPTLSRFLEEYSGEKHEIELPEGSWGANSDHSTWWNEETEWTWPHIYRAEDRMVAIVSRFRGRDELTNRVIEQLARELLILEASDWQFLITTGQAKEYAKRRVLIHSRDFHRLANELVRYVKIGEFDVKLLEELEERDNPFRPVVVGPYVSENPPELEEYVEPPEVPPEKEETEEKPKVLTEKATSLALAVKKVKPVKEETREVKKKAVEASKRGKRKSSKSKRLPRKVSKKAPSKGPSDLLSIKGIGPKTFQKLKRAGVETIEDLKNANIEDLARKTGISTKRLKKFIAQVE,675
0,MLELLPTAVEGVSQAQITGRPEWIWLALGTALMGLGTLYFLVKGMGVSDPDAKKFYAITTLVPAIAFTMYLSMLLGYGLTMVPFGGEQNPIYWARYADWLFTTPLLLLDLALLVDADQGTILALVGADGIMIGTGLVGALTKVYSYRFVWWAISTAAMLYILYVLFFGFTSKAESMRPEVASTFKVLRNVTVVLWSAYPVVWLIGSEGAGIVPLNIETLLFMVLDVSAKVGFGLILLRSRAIFGEAEAPEPSAGDGAAATSD,262
0,MPIKVPNDLPAATVLEEENLFVMRQDRADTQDIRPLEIIVLNLMPTKVETEIQIMRLLSNTPLQINVTLLQMSTHVSKNISQEYLDKFYATFDEVKDRKWDGLIITGAPVENIDFSEVDYWDELCEIMDWSVKNVFSTMHICWGAQAGLYHHYGVDKYPLEEKMSGVFPHRALVGDDPLLRGCDDVFWFPHSRHTEVRARDILKNPHLHIIAVSDEAGVGIVISEKANQVFITGHMEYDAKTLSYEYYRDLGRGMNPHVPYHYFPDDDPSRDPLMTWRSTANLIFGNWLNYYIYQNTPFDLNDVGKE,307
0,MAEITVTIDTDQQKQAISDSFAKLDPQYLVKNPVLFVVELGTIIGLVMTIAPGLFGATGSRVYYAVITVLLGFTVIFANYAEAYAELEGEAQADSLRALQTEAEGKLLQNDDVDIEDISEDDYEVVASTEIEQDAVVFVDEGDIIPRDGTVVEGSASVDESAITGESEPVIRQSGGDRTSVVGGTEVLSDRIKVEVTSEEGESFLDQMIGLVEDAQRQKTPNEIAMTILLSGLTLVFVVAVATMFFFGEYLASFVGGFAGLDVAELVALLVALMPTTIGALLAAIRVAGMTRVTRRNVIAKSGRAVEAAGDLDALILDKTGTITTGERVAQDFHPLGDADDADVVRASYQSSLYDETTEGRSIVKLAEKMNGKVQTDGGQSASEELDEPGDSVDAPRDVSVTLDAEGLSESNFVPFSAETRMSGIDLSDGTEIRKGAVDAVEEYATTVPGKLRQKSNAISESGGTPLAIAVDGQVVGIIELQDELKPGIADRIAEIQKMGVETIMATGDNQRTARWVADQVGIDEFHAEFDPEEKIELVEDIQDDGKLVGMTGDGTNDAPALAKADVGLAMNAGTNAAKEAGNMVDLDSNPSKIIEVVGIGKQLLMTRGSLTTFSVANDVAKYFVLLPAILAAAIPGLGAMDILNLSTPASAVTATLMYNAFIIPLLIPLALRGVDYKAQSGAQLLRKNLIVYGGGGLIAPFIFIKAIDMLFVALGVFQ,719
0,MSYVPHVPYVPTPEKVVRRMLEIAKVSQDDIVYDLGCGDGRIIITAAKDFNVKKAVGVEINDERIREALANIEKNGVTGRASIVKGNFFEVDISEATVVTMFLLTNVNEMLKPKLEKELKPGTRVVSHEFEIRGWNPKEVIKVEDGNMNHTVYLYVIGEHK,161
0,MSERSVGIVATNYHTIEGEFQLEGGHTLKNIRLAYETYGNLNKEKSNAILVCHALTGDAHAAGRHSDDDKKPGWWDDIIGPGKALDTDRYFVLCSNVLGGCKGTTGPASLDPDTGRQYGITFPVITIRDMVNVQKRLIDHMGITTLFAVVGGSMGGMQTLQWCVAYPELVKKAVVIASTAVSSPQQIAFNEVGRNAIISDPDWNGGDYYEGEPPVNGLSTARMIAHITYLSDASMHEKFGRRLQQGESYKFDMSNDFQVGSYLKYQGDTFTGRFDANSYLYATKAVDYFDLSMNGSLAEGLKYVQAKMLVISITSDWLYSPYHSKKIVEGLTVKEHDVSYREIESSYGHDAFLLESGQINYVIHNFLTHTSVADVMTEKVATIREGASIDTAAKVMFEEALTHLPVVNENGCLVGIVTSWDISKAVALKCSKLENIMTRDVLTAFPDEPIVAAAKRMERHSISALPVVDEKNRLIGIIDSEDINRLIG,488
0,MAMSLKKIGAIAVGGAMVATALASGVAAEVTTSGFSDYKELKDILVKDGQPNCYVVVGADAPSTMDVVSAADIAAKIGSLCYKEGTVEDGSADITVHAEANSDDFDLKKDWNNSAMPANAYALFVAASDGDYSEKFENDTGKPSFMDNGVLGDADKINKTVDLGDIATMMKVDDVDPSDWYDSDDDAGEIVMVELKNDTSDGFTVYKKNMLYETLVYKDDEENFANTTKMEEGMRIPFLGKEMVVVDIDKDDDAIYLGTPVYDGIIKEGETYDLGNGYQVKIKAILKTTVNNTDVYKVDVQILKDGKVVAEKYDKAPLELEYKDDVGVTVHKAWENVGGDYGYAELVISKDLKKLELDEEYVTDWKAYAVLNDNGTMKLEDDLNDNNVDKVVGIALRYDGDKLDDLDSGDEVDILDYVKFKLDDEDSNDKLKVYFSMDKDVDATLNIGEKVKALNAEVKLKDIKANAVEPVSLTAPIAKLDTEVSLDTADKNLVLVGGPVANKLTKELVDAGKLALDNNSPATIALIPDAANGHDVIVVAGGDREKTREAALELIKNL,558
0,MIVYGLYKSPFGPITVAKNEKGFVMLDFCDCAERSSLDNDYFTDFFYKLDLYFEGKKVDLTEPVDFKPFNEFRIRVFKEVMRIKWGEVRTYKQVADAVKTSPRAVGTALSKNNVLLIIPCHRVIGEKSLGGYSRGVELKRKLLELEGIDVAKFIEK,156
0,MRILDYDKVIERILEFIREKGNNGVVIGISGGVDSATVAYLATKALGKEKVLGLIMPYFENKDVEDAKLVAEKLGIGYKVINIKPIVDSFVENLELNLDRKGLGNIMSRTRMIMLYAHANSLGRIVLGTSNRSEFLTGYFTKWGDGASDYAPIINLYKTEVWEIAKRIGVPERIVKKKPSAGLWEGQTDEDELGISYNLLDEILWRMIDLKIGKEEIAKDLGIPLSLVERVEELIKKSEHKRRLPIGPSFEDLIVGP,257
0,METDRQGSESGACDGCCSDCSDEGTQSQQPTIFTDTRASLARRDYAKLLASVGGLTAVASLTAPLAGLTRVFEREYTGPVYSDGIYLVDGDGNRIEEKALSEGEKMTVFPEPRPGIEKAPTLLVRHAEDAYSDAVKTEYMVAGYTAYSKVCTHAGCMVSNEEDGTLVCPCHFGKFDPTDGAAVVGGPPSRALPQLPITVSSEGYLIATGDFNGPVGPGGD,220
0,MTYRSIGSTAYPTIGVVLLGGIANPVTRTPLHTSAGIAYSDSCGSIRSETRIYADEATHIYFNGTESTDDNRSVRRVLDRYSSVFEEAFGTKTVSYSSQNFGILSGSSDAGAASIGAAILGLKPDLDPHDVENDLRAVSESAGRSLFGGLTITWSDGFHAYTEKILDPEAFSGYSIVAFAFDYQRNPSDVIHQNIVRSDLYPARKKHADEHAHMIKEYAKTNDIKGIFDLAQEDTEEYHSILRGVGVNVIRENMQKLISYLKLIRKDYWNAYIVTGGSNVYVAVESENADRLFSIENTFGSKKKMLRIVGGAWHRRPE,318
0,MFSIKFKTTEELPEPSPRLIDQVIGQEEAVKIVLSAVKNKRNVILLGDPGVGKSMIVKAVGEILSDFGEFTPYYVIAKPNLKNMERPIVEVIDGEYKEDSKDMPKLDFKAPSSTTLLLIMIGAILLSEYLLKYLPQNYLLAAVTITALIVLIFGFVIILTSIMGASRASMPNNLNPMDLKPVLLYECKKRPLVRASAYNVTRLLGDIKHCPLGGRPPLGTPPHKRIILGAIHEAHRGILYVDEIKTMPLEVQDYILTALQDKQLPISGRNPNSSGATVETNPIPCDFILIMSGNMDDVYNLRAPLLDRIDYKIVLKNKMDNTLENRDKLLQFIVQEIKNNNLNPMTYDGCCEVVRIAQYLAGSKDKLTLRLRLLANIIKMANDVAMGKDVEELLGNFDDKGEYHPETQKDKSNKVYITAEHVRKVFDTGIYSMEKQVALNYIKNFKRYKHIVPNDEPKVGVIYGLAVLGAGGIGDVTKIIVQILESKNPGTHLLNISGDIAKHSITLASALSKKLVAEKKLPLPKKDIDLNNKEIYIQFSQSYSKIDGDSATAAVCLAIISALLDIPLKQDFAITGSLDLSGNVLAIGGVNEKIEAAKRYGFKRVIIPEANMIDVIETEGIEIIPVKTLDEIVPLVFDLDNRGGAERFN,649
0,MITVNFLILLLGLVFLVKGSDYFVKSASTIAKKLGVSEFVIGLTLVAIGTSIPELASSIAASIQQASGIVIGNVVGSNIANVGLIVGVAALLSPMKTEIDMLKRDGYIMLFSAVLFFVFAFNRELSMLEAGLFVLLYIAYVFFLFEEAEKYEGKLHFKEFITYFFKFKYINSAMQKLNGNRNRNSDSDRNSDSGNGNERLEGGFAKDIFTLVLSCAAIVIGAKYFVEESIFFAELLGIPDTVIGTTLVAVGTSLPELVVTVSAARQGYGSIALGNVIGSNITNIFLILGLSGLFYPLSVAEMSLFFTTPVMIAISLILLIFISTGWEIKRWEGVVLMMFYVAFLVVLFYI,350
0,MAQYYPGTTKVAQNRRNFCNPEYELEKLREISDEDVVKILGHRAPGEEYPSVHPPLEEMDEPEDAIREMVEPIDGAKAGDRVRYIQFTDSMYFAPAQPYVRSRAYLCRYRGADAGTLSGRQIIETRERDLEKISKELLETEFFDPARSGVRGKSVHGHSLRLDEDGMMFDMLRRQIYNKDTGRVEMVKNQIGDELDEPVDLGEPLDEETLMEKTTIYRVDGEAYRDDVEAVEIMQRIHVLRSQGGFNLE,249
0,MVKVAFIGVGRVGQTIAYNTIVNGYADEVMLYDVVPELPEKFEHEIRHALAALRVKTELLSTNNIDDISGADIVVITAGKPRKPGMSRRDLFIDNAKIMIDLAKKLPKKNKGAMYIMVANPVDMMASVFMKYSGENTISTGNQVETMRMRSYIAKKLNIPAYEVGGYVGGEHGEAAMVLWSTVTVKGKPFSESLGVNKAEVEDYVKKIAAEIIRVLGGTTWGPGADIEEVIRSVALNEGKVMSVAFPHKYEDEIIHISEPVVVGRTVGPALTSALDENDKARLSQAIKEVYNVYKSNLKELEQVIS,306
0,MIYEKVAEELISSSYTIAFTGAGISTASGIPDFRGPQGLWKKYSPELASIEYFEKDPKNFWGFYSLRMRGLFEAQPNKAHYSLAELEKMGIIKVIITQNIDGLHQKAGSKNVIELHGTMRRSYCVLCLRTYDSLNVLSMIEKGNLPPRCDCGGIIRPDVVLFGEPVKNIYEALSIAYESDLVISIGSSLTVYPANLIPQTVKERGGKLIILNMEETPLDSIADYVVREPVEISLPKILENVRQKILS,247
0,MNMDIASFFSGAGGLDLGFTKAGFNIVFANDNWKGCWKTFEKNHGIKINKKPIEWLKPSEIPDVVGFIGGPPCQSWSLAGSMCGADDPRGKTFYAYVDLVKEKDPLFFLAENVPGIVSRTHLPEFKRLVNSFIDIGYNVEYKVLNAKDYGVPQDRKRVFIVGYREDLNLKFEFPKPLNKKVTLRDAIGDLPEPKPALEKNRSNGENLEVPNHEYMTGTFSSRYMSRNRVRSWDEVSFTIQAGGRHAPCHPQANKMIKVGPDKFIFDPESPKPYRRLSVRECARIQGFPDDFIFYYKNVADGYTMVGNAVPVKLAEELAKKIKKDLEGVLN,330
0,MFKFDKKQEVFELGGVKFGGQPGENPTVLVSTMFYARHKIVTDEDKGIFDRAAAETLWNTQVSLSDATGLPYVNQIVGETPESIKRYIEWFVGIDDRTPFLIDSSAGNVRAAAAQYCTEIGVADRAIHNSINASIEQSEIDVLTESDVSAAIVLAFNATDPTVKGKIDILEVGGSGQTKGMLQVAKECGIKYPIIDVAAMPLGAGSGATIRSVPTLKGKFGLPIGGGYHNMASAWDWLRKFKKTQPDPKAIYMPTDIGTNLVAQIAGSDYLLYGPIENVNQIFPAVAMVDIMLGETAKELGVEIADLENHPVTKLT,316
0,MAEEHEKGVPMVLAPQMGAIDATVESIRYRAQLIARNQKLDSGVAATGIIGFAAGFLFSLLMVIVLPVAVGL,72
0,MKKVEYWVKIPFGPIHPGLEEPEKFIITLDGERIVNVDVKLGYNLRGVQWIGMRRNYVQIMYLAERMCGICSFSHNHTYVRAVEEMAGIEVPERAEYIRVIVGELERIHSHLLNLGVVGHDIGYDTVLHLTWLARERVMDVLEAVSGNRVNYSMVTIGGVRRDIGEKQKRLILDMIKYYREVLPQIEDVFLHDSTIEARLRDVAVVPKKLAIEMGAVGPTARGSGIKEDSRWSEQLGVYPDLGIKPVTPEDVTGEKARGDVYDRMAVRIGELWMSLDLLEHALDQMPEGKIKTFPKDNILVAKLKLLGDGEGIGRYEAPRGELVHYVRGQKGRDGPVRWKPREPTFPNLFTIAKALEGNELADLVVAIASIDPCLSCTDRVAIVKEGKKVVLTEKDLLKLSIEKTKEINPNVKGDPTPTGIGCSRGV,427
0,MIRLIFLDIDKTLIPGYEPDPAKPIIEELKDMGFEIIFNSSKTRAEQEYYRKELEVETPFISENGSAIFIPKGYFPFDVKGKEVGNYIVIELGIRVEKIREELKKLENIYGLKYYGNSTKEEIEKFTGMPPELVPLAMEREYSETIFEWSRDGWEEVLVEGGFKVTMGSRFYTVHGNSDKGKAAKILLDFYKRLGQIESYAVGDSYNDFPMFEVVDKAFIVGSLKHKKAQNVSSIIDVLEVIK,243
0,MASKKEQWKSDLYGDAVRDELEAFAEEGFESIPEDERDKWFTRFKFWGVFQQRTGQESYFMMRLTNANGVLEPGQLRTIAEVARDYATGPVDNPEFGNGWVDLTTRQSIQLHWLELEDIPEIWEQLESVGVTSRSAGGDTMRNITGCPVAGKDTHELVESKPLLDRFQSELREDDALSNMPRKFNISVTGCREGCAQDSINDIGLEPARKEVDGEVITGFNVRVGGGLGSRKPRVARSLDVFVADEERAYEVVRGFVELYHDHGNRDVRARARSRFFVDDWGTEKIRDRLESEYLDFELQSAGEDIRDEYTYNAGRPQSAGKSDHVGVHEQSDGRYYVGLSVAVGRLTAADALELADLADKYGSGKIRLTRRQNPIVMDVPAGALDDLLAEPLLSKHTPEPNPFQRGTVACTGTEFCSLALTETKARTARMLRWLRDNVEVPDDVHQLKIHYSGCTADCGQANTADIGLFGMRAQKDGEMVEAMDIGVGGGIGDEPSFVEWIHQRVPADEVPGAIASLVEAFAAHRTAGQTFRQWVEAEGPDAVAEYCEPIETDFEAPYMHDAKQSWYPFADEDEPPKTEQPMTSD,586
0,MMDPQIERKLIEIMRVIHESDKPIGARAIADELNNRGYDIGERAVRYHLRILDERGFTRKHGYAGRTLTDLGENEMNDALIGDRFGFVISRIEEMAFRTTYNPETDKGDVVVNISYFDKDDFETVIELISYTAHAGYMISPRVRIFEEDSLEMSLPPGKIGIATVCSVTFDGLLLKAGIPVEPAYGGILQIENKKPARFLDLISYSGTSIDPIKIFMNRTPTSVLEVLEKGEGKILANMRQINSSAYEMTGKILKKAEKVGLAGCITLGEIDEYLLGAPVETGKFGAAVVGGINGICALEETGIEIETNPISTMLDYQTMKEI,323
0,MRNINVQLNPLSDIEKLQVELVERKGLGHPDYIADAVAEEASRKLSLYYLKKYGVILHHNLDKTLVVGGQATPRFKGGDIIQPIYIIVAGRATTEVKTESGIDQIPVGTIIIESVKEWIRNNFRYLDAERHVIVDYKIGKGSSDLVGIFEASKRVPLSNDTSFGVGFAPLTKLEKLVYETERHLNSKQFKAKLPEVGEDIKVMGLRRGNEVDLTIAMATISELIEDVNHYINVKEQVRNQILDLASKIAPGYNVRVYVNTGDKIDKNILYLTVTGTSAEHGDDGMTGRGNRGVGLITPMRPMSLEATAGKNPVNHVGKLYNVLANLIANKIAQEVKDVKFSQVQVLGQIGRPIDDPLIANVDVITYDGKLTDETKNEISGIVDEMLSSFNKLTELILEGKATLF,404
0,AYERQFYPGATSVAENNIGH,20
0,MFPERGASEEEVLRELEEKTREDLTFDSGKILGSMCTYPHPFAVKVVMKYIDRNLGDPGLHIGSQKIEKEAVDMLANLLGLEKGYGHIVSGGTEANILAVRAMRNLAGIEKPELILPESAHFSFIKAAEMLGVKLVWAELNDDYTVNVKDVEKKITDRTIGIVGIAGTTGLGVVDDIPALSDLALDYGLPLHVDAAFGGFVIPFAKALGYEIPDFDFRLKGVKSITIDPHKMGMVPIPAGGIIFREKKFLDSISVLAPYLAGGKIWQATITGTRPGANALAVWAMIKHLGFDGYKEVVKEKMELARWFASELKKIPGIYLIREPVLNIVSFGSEKLEELEKELKARGWGVSAHRGYIRIVVMPHVKREHLEEFLRDLREIAKRL,384
0,MAVSSGNSSVNSSKKLFSGKKGQSIGIVRSMNYKIPGTFGLESGKTLSGVRVEYEMYGKMNADKSNVILICHALTGDAHAAGFHEGDKKPGWWEIVIGPNKAFDTEKYCVICSNILGGCKGSTGPSSIDPETGKHYGISFPVITVKDMVNAQKKLIEHLGVKQLFAVAGGSMGGMQVLQWTVSYPEMVRKAIAIATTASTTPQQIAFGAIGRKAITDDPKWNGGDYYGKEIPSQGLALARMIGHITYLSDASMQNKFGRLQQDTDKSGIKGTTGTEGKNSSEISSEISSISSEISSELSYDFTPNFQVESYLNYKGDNFTKRFDANSYLYITKAVDYFDLAKNGSLIEGFSGVTAKYLVISISSDWLYPPYQSQEIVSALTANGVDARYEEIRSQHGHDAFLLEEGQLSYLLRSFLSHILVSDVMNRNFYTVSRDETIEHSSKLMVKECVSHLPVISEDGKLEGIVTSWDITKAVACKINELDEIITRDVKYVYEDEKIEHASSIMEKHSISALPVIDSEHRIIGIVTSESISALFGKYD,540
0,MKAGIDEAGKGCVIGPLVVAGVACSDEDRLRKLGVKDSKKLSQGRREELAEEIRKICRTEVLKVSPENLDERMAAKTINEILKECYAEIILRLKPEIAYVDSPDVIPERLSRELEEITGLRVVAEHKADEKYPLVAAASIIAKVEREREIERLKEKFGDFGSGYASDPRTREVLKEWIASGRIPSCVRMRWKTVSNLRQKTLDDF,205
0,MSXDEYALNKQELKALIKELKKWKAPATVLLSLYIPPGRPIPDVVNLLRQEYSIAQNIKLKRTRDAVLSAIGAAIDRLNKIPKIDGNGLVLFCGENFDTEDFKCFMFSPPDKVPLFFYRTDKEFHLEFLEDMVEDTAVYGLIIVERDEATIGLLKGARIEILEEIEGFVPGKHMMGGQSQRRIDRIIDEMYHNFLKEVGEKVNAYFMPFVQNGKMKGVLLGGPGYAKEDFYKEDYVDYRIKNLILQPLIDVSDQGEVGLREMIMKAEDLLKNQQYIEVEKLLEELKYHLAKDDGLIIYGKEQIKKAMEIGAIEAIVIHEDSTDKELEKLAQDAENYGVKVFVVGDEVPEAEWVKKTFNGIVGKLRYRLY,369
0,MKRSLHSKEVANLSDVIKIDKLPEKAIIPMRQHDGIACAPLVKKGAEVIVGQKLGECEGSDLAYVHSPFCGTVNSIELMPNPSGKRILSVVLTPSECAQTVDFVPEKDAPPSRLIEIIKEAGIVEYYEKPTYLALKPGKRIDTLLMNATFPLITHAYLSSLDKVLEGFKLMLEASGISRGVIVLRADDKESIKAFKNAKVDGKPLTVAPIVGMRHADYYLEDVEDQIIVVAAGKITYTPTMMNLLSANVMGRKLPLGYEPPDVHVVVCGVKSAKAVYDAINEGKPYLESAVTVTGAVNNPKTVIVKFGTPIKDVIEACGGYKGEPGKVIVNGSMGGVAVYTDEAPVVKNTVGIVVQTEAEVLRDEATVCIHCARCVDVCPMNLLPGRIAAMADMGMFDRCREYFALNCIECGECAVVCPAKRHLVQLIRYSKLQIMNQKNETVEATE,447
0,MSKHKSLGKKLRLGKALKRNSPIPAWVIIKTQAEIRFNPLRRNWRRNNLKV,51
0,MIRRRKKVRKLRGSHTHGWGCKKKHRGGGSKGGRGMAGTGKRNKSKWTWTIKYAPDHLGKRGFSRPPEVQREVRVVNLKFIDEHLDELMQMGIAYEEGGKIIVDVTQFADKVLGTGKLTRPLVIKARAFSPKAEEKIKAAGGEAVLV,147
0,MAKPSYVKFEVPKELAEKALQAVEIARDTGKIRKGTNETTKAVERGQAKLVIIAEDVDPEEIVAHLPPLCEEKEIPYIYVPSKKELGAAAGIEVAAASVAIIEPGKARDLVEEIAMKVRELMK,123
0,MKEVIFTENAPKPIGPYSQAIKAGNFLFIAGQIPIDPKTGEIVKGDIKDQTRQVLENIKAILEAAGYSLNDVIKVTVYLKDMNDFAKMNEVYAEYFGESKPARVAVEVSRLPKDVLIEIEAIAYKE,126
0,MAKRNPSIDTKNLTAVQLMELDACVRCGECVKWCPTYAASGEKPGLAPRDKILRWRQYMNKSYGLKARLFGPQEIPISELEEFKDDVHGCTTCGICSTVCEAGINTVELWESMRANLVKKGIGPYGKQNMFPKLIGQYRNPYMKDQKDRLAWVPPDVKIEDKADIVYFTGCTAGYNQLALAFATSRVLNKLGIKFAMLGEDEWCCGSALIRTGQAHINNVPYELAKHNVEAIQKKGAKKVLFACAGCFRAAKVDWPRLLGKELPFEVVHVSEFLAGLIKEGKIKWEKSINKTVTYHDPCHLGRHVGVFDAPRYVLSHIPGVKFVEMDRIKEFQRCCGAGGGVKAGLPDLAMAVAESRVKDALDTKADILSSCCPFCKRNLMDGRDSLKVDLVVEDVIELVAEALNLETK,409
0,MIEKRNFALRDKEGNEIGVFSGKQPRQAALKAANRGFTDIRLRERGTKKVHIFQGERIQVPKPSNAPKWMPANIWKPNVKKLGVEKLEDI,90
0,MDSNRDSPLPSFIAGSYAARLGVALSFAILVIIAAGVLTSVQASATLEEDVADDITALSETQAVQLDDWLTTSRRNVRSTSRLPVFTDGTDTEKQQRLEELRSNEELPPGVVAVHYFDTETSEIRASSNQDFIGVNAAEQGAPFATDPPQFDGPDDTHVTEPFSVSVVDHPIVAVVSPVPGDEDRALVYMIDLREKADQISSHREGSFTTVVNTDGEFVSHPNHSMIGSTAPISQMESDPLGTLEPGQRMFHETDSMLMGLTRLESHDWVVMVHSDREAAYALSDQINSDLIGLILLAVVNLGLIGVTIGGNTIASLRRLSVKAEAMADGELDVDLDTSREDEFGTLYAAFDNMRANLRTQISEAETAKQEAEAAKEQAQAAREDVESERNEMEALTGHLELKAQQYSDALDAAANGDLTARVKTDSMNDAMAEVGEDINTTLDALEDTIADMKAFATNVIQSSDRVNSNAERVDRASKQVSKSINEIFEGTTEQNEGLESAAAEMQNLSATAQQVASSAQQVADTSQSAAKVGEDGREAAQEAIAEMSAIEAETGETVEEINALDDELDEIGEIVGVITSIVEQTNMLALNASIEAAHADGDGEGFAVVADEIKGLAEETKEAAADIEGRIEAIQEQAGDTVETMESTSTRITEGVSTVEETVDALETIVEYTEEVDTGIQEIDRATEEQARTAQDVMGTIDDLTTISQQTATEADTVAGAAQDQSASIEEVSDSATELRQRADDLESLLDRFTVENSAGTGTDSTAAVGDD,773
0,MKIRSPIVSVLGHVDHGKTTLLDHIRGSAVASREAGGITQHIGATEIPMDVIEGICGDFLKKFSIRETLPGLFFIDTPGHEAFTTLRKRGGALADLAILIVDINEGFKPQTQEALNILRMYRTPFVVAANKIDRIHGWRVHEGRPFMETFSKQDIQVQQKLDTKVYELVGKLHEEGFESERFDRVTDFASQVSIIPISAITGEGIPELLTMLMGLAQQYLREQLKIEEDSPARGTILEVKEETGLGMTIDAVIYDGILRKDDTIAMMTSKDVISTRIRSLLKPRPLEEMRESRKKFQKVDEVVAAAGIKIVAPGIDDVMAGSPLRVVTDPEKVREEILSEIEDIKIDTDEAGVVVKADTLGSLEAVVKILRDMYVPIKVADIGDVSRRDVVNAGIALQEDRVYGAIIAFNVKVIPSAAQELKNSDIKLFQGNVIYRLMEEYEEWVRGIEEEKKKKWMEAIIKPASIRLIPKLVFRQSKPAIGGVEVLTGVIRQGYPLMNDDGETVGTVESMQDKGENLKSASRGQKVAMAIKDAVYGKTIHEGDTLYVDIPENHYHILKEQLSGDLTDEELDLMDKIAEIKRKKNPDWGMKAPF,594
0,MKKQGFPPVIDENTEILILGSLPGDVSIRKHQYYGHPGNDFWRLLGSIIGEDLQSINYQNRLEALKRNKIGLWDVFKAGKREGNEDTKIKDEEINQFSILKDMAPNLKLVLFNGKKSGEYEPILRAMGYETKILLSSSGANRRSLKSRKSGWAEAFKR,158
0,MIVILDNGGQYVHRIHRSLKYIGVSSKIVPNTTPLEEIESNKEVKGIILSGGPDIEKAKNCIDIALNAKLPILGICLGHQLIALAYGGEVGRAEAEEYALTKVYVDKENDLFKNVPREFNAWASHKDEVKKVPEGFEILAHSDICQVEAMKHKTKPIYGVQFHPEVAHTEYGNEILKNFCKVCGYKFE,188
0,MFMRYIMVEEQTLKTGSQELEEKADYNMRYYAHLMKLSKEKPAEFWGSLAQDLLDWYEPWKETMRQEDPMTRWFIGGKINASYNAVDRHLNGPRKFKAAVIWESELGERKIVTYQDMFYEVNRWANALRSLGVGKGDRVTIYMPLTPEGIAAMLASARIGAIHSVIFAGFGSQAIADRVEDAKAKVVITADAYPRRGKVVELKKTVDEALNSLGERSPVQHVLVYRRMKTDVNMKEGRDVFFDEVGKYRYVEPERMDSNDPLFILYTSGTTGKPKGIMHSTGGYLTGTAVMLLWSYGLSQENDVLFNTSDIGWIVGHSYITYSPLIMGRTVVIYESAPDYPYPDKWAEIIERYRATTFGTSATALRYFMKYGDEYVKNHDLSSIRIIVTNGEVLNYSPWKWGLEVLGGGKVFMSHQWWQTETGAPNLGYLPGIIYMPMKSGPASGFPLPGNFVEVLDENGNPSAPRVRGYLVMRPPFPPNMMMGMWNDNGERLKKTYFSKFGSLYYPGDFAMVDEDGYIWVLGRADETLKIAAHRIGAGEVESAITSHPSVAEAAVIGVPDSVKGEEVHAFVVLKQGYAPSSELAKDIQSHVRKVMGPIVSPQIHFVDKLPKTRSGKVMRRVIKAVMMGSSAGDLTTIEDEASMDEIKKAVEELKKELKTS,661
0,MPPPNPAYSPTEQQGRVLFPREVSRFFTGDPGHTLLVNGAPGTGKTLFTIRGLDVLERDGDVLYVSTRVDQDTVHEMYFREHSSLDKTHILDLSQDPFELPLDVDVPFEKLGLDSLLEWIQQIKAASKRLTIAFDSWELIYEYLASRHDDSPDIETVTTQLVSLARQENIRLLLVSETADSSPLEYIVDGVVTLQVAEDERGRTRRYLRLEKLRGVRIGNRLQPITLADGQFQAITPVELPTVRTGANNGTWEPRTNTKAKFSTGIGDLDPILSGGYNRGSVIHLDLGTDLSRDAWSVLTLPTIRNFLANEMGVAVVPPREGSPGLLHNDLNSVLTPRVFDTYCHVFETYAGPSRNRGTYEEDGQVETPLDTSQTATPSDAESPVGTETELSEKVETELSEENPPAPGEVVDTERSTTIGKELESPVEGGQLDYEPYMEYVEEVRKQSDGPLLHVISMDTARTAFETRLGDFANYVALHNDLAILITKPGTELRRRADRVADMHFRLERSGEAIMLYGENPLTPLLGIGIDRSQPIPEIILTEMV,545
0,MIIGYVVGSATTQEANVLLEKKVRSGYYVTLEYDDEKVLGLVTLITTGSPLVDDSLNDIELVQRIKQMGNKIPIYMKAKVKLLCKLDGKLSQPDLPPVAGTPVRLATNEELSTIFSEGTIRIGKLIGSDVEVRIRVNALTRHLAILAATGSGKSNTVAVLSSRLSEVFGSVLIFDYHGEYYESEIKNLNNIEPKINPLNLTPDEFATLLEIRENATIQYRILRRAFKSFLEETKEKLKNGNVNYNELNNNFRNLILKKVDEVSKNEKRKDSKDEVINKIEDFLDRYSEIIDFTAGDVVDKIKIGKVNVINLSSLDEDAIDAIVSHYLRKILTSRKENKMKRKIGLKFPVLVVIEEAHVLLSKDSNTLTKHWAGRIAREGRKFGVGLIIVSQRPKGIDENILSQMTNKIILKMVEPSDKKYVLETSDNLSEDIVEGLSALDTGEAVIVGNIVRMPAIVKIDKFEGKLAGSDPNLIEEWKKAKEEIEEHADVLNWGE,495
0,MDVALRIIPCLDIDGKAGVVVKGVNFQGIREVGDPVEMAVRYEEEGADEIAILDITAAPEGRATFIDSVKRVAEAVSIPVLVGGGVRSLEDATTLFRAGADKVSVNTAAVRNPQLVALLAREFGSQSTVVAIDAKWNGEYYEVYVKGGREATGLDAVKWAKEVEELGAGEILLTSIDRDGTGLGYDVELIRRVADSVRIPVIASGGAGRVEHFYEAAAAGADAVLAASLFHFRVLSIAQVKRYLKERGVEVRI,253
0,MRVDELRVDERIKSTLKERGIESFYPPQAEALKSGILEGKNALISIPTASGKTLIAEIAMVHRILTQGGKAVYIVPLKALAEEKFQEFQDWEKIGLRVAMATGDYDSKDEWLGKYDIIIATAEKFDSLLRHGSSWIKDVKILVADEIHLIGSRDRGATLEVILAHMLGKAQIIGLSATIGNPEELAEWLNAELIVSDWRPVKLRRGVFYQGFVTWEDGSIDRFSSWEELVYDAIRKKKGALIFVNMRRKAERVALELSKKVKSLLTKPEIRALNELADSLEENPTNEKLAKAIRGGVAFHHAGLGRDERVLVEENFRKGIIKAVVATPTLSAGINTPAFRVIIRDIWRYSDFGMERIPIIEVHQMLGRAGRPKYDEVGEGIIVSTSDDPREVMNHYIFGKPEKLFSQLSNESNLRSQVLALIATFGYSTVEEILKFISNTFYAYQRKDTYSLEEKIRNILYFLLENEFIEISLEDKIRPLSLGIRTAKLYIDPYTAKMFKDKMEEVVKDPNPIGIFHLISLTPDITPFNYSKREFERLEEEYYEFKDRLYFDDPYISGYDPYLERKFFRAFKTALVLLAWINEVPEGEIVEKYSVEPGDIYRIVETAEWLVYSLKEIAKVLGAYEIVDYLETLRVRVKYGIREELIPLMQLPLVGRRRARALYNSGFRSIEDISQARPEELLKIEGIGVKTVEAIFKFLGKNVKISEKPRKSTLDYFLKS,720
0,MELPIAPIGRIIKDAGAERVSDDARITLAKILEEMGRDIASEAIKLARHAGRKTIKAEDIELAVRRFKK,69
0,MTEGVLINENEVESKLEAVIKPGSFTGENAGEMAEVILIPKKAIDIKLEADVITPDSFAGKSAEEIGKLSVWQGPKTYPLSEFFEVTGNGGSSAAETLIRIKGDAMRIKRIGESMSAGKIEIEGSAGMHVGTGMKGGELVVYGDADSWAGMEMTGGLLHIKGNAGDHVGCAYRGKWHGMKGGRIVIEGSARHQLGGGMDGGEILVEGDVKSFCGIRQNGGLIFVKGSALRGVGAEMAGGTIVIGGKIERFSPGFEFVSMENSITSGEVELIGEFKKFTGDYAISKRAKGALYVVADTNPEL,301
0,MKLKFWREVAIDIISDFETTIMPFFGNPDGGKLVKISPSGDETKLVDKLAEDLILSRITELGVNVVSEEVGVIDNESEYTVIVDPLDGSYNFIAGIPFFALSLAVFKKDKPIYAIIYEPMTERFFEGIPGEGAFLNGKRIKVRKTPDEKPSISFYSRGKGHEIVKHVKRTRTLGAIALELAYLAMGALDGVVDVRKYVRPTDIAAGTIIAKEAGALIKDSAGKDIDISFNATDRLDVIAVNSEELLKTILSLLE,254
0,MDIKLVYSTLDPVGVTIKKLGYRFEEINEDVTDFHYENGEAIVIFSRHESKAGIPSLTVHYPGNPSEEIMGGEPKKLGIAYPRLLTSILREIKKIDLNIEKTMEATHHGPTYQNVPVIFVEVGSNETYWTNDTIVKALVDSTIRSIDKVDEIDCEYYISGFGGPHYSRLFTKLADESCIGHVISKHYIDKLDDKVIIQTITNSVNTINKVVIDSLNSKQKERIIASLKKLNNINIEFR,238
0,MRILKKKMKLKGKVKKYLIDKLNDNEKLHFSLIDPFKINSSDELKYITKNLYNAGTDAFLIGGTLGVSKDKLDFVISLLDDYEIPKIIFPSNINLLSEKADALLFMSLLNSDDIYYIIGAQIVAAPIIKMLQMEVIPTAYVIVGHGGTAAHIGKARVIPYDNFELATAYTLAAEYLGMSFVYLEAGSGAPEPIRPEMISFIKNASSIPLIVGGGIRSVEVALKLVEAGADIIVTGNIIESDVNKAIKIIRGIKNK,255
0,MYKEPFGVKVDFETGIIEGAKKSVRRLSDMEGYFVDERAWKELVEKEDPVVYEVYAVEQEEKEGDLNFATTVLYPGKVGKEFFFTKGHFHAKLDRAEVYVALKGKGGMLLQTPEGDAKWISMEPGTVVYVPPYWAHRTVNIGDEPFIFLAIYPADAGHDYGTIAEKGFSKIVIEENGEVKVVDNPRWKK,189
0,MSARNETGYERVLVPVGDKSDPNMLTELSSILVDPRRGAVRFTHVTTDRSFVGSQENWRTGSDSVAESQHTLREEGIESTGTIRTASSALDGILEEAEEYEADAILIGWTDKDSVSSLVDKLLRKAGCDVIVFSADRDPIDTDSILVPVVVKPDANRLQMLAIMSQRTGASITFTYVTGDEGTDEEGRGLLDQSAERLAEYGVQAETELKSASSAVDALGQLSEDYDVMVIGTSRGWWLRKTLFGRKTDKIAQEAQCSLLMHKWQGEVPPES,272
0,MTDPSKNYVNGEWVTSETGETTEVTNPANPSEVVAAYQHSNENDAAAAVDAAVAAEDEWRNTPGPERGRILREAGTLLAQRKDELTEILTAEEGKARPEAAGEVQRAIDIFHYFSSKAADLGGTKKGASGPNTNLYTRQEPVGVAALITPWNYPIAIPAWKLAPALAAGNTVVLKPASIAPGVVIEIARALDEAGLPDGVLNVVTGPGSSVGSEFIGNEGTDLVSFTGSSQVGEMVYEQATDAGKRVQTELGGKNPTLVADSANPAEAADIVANGGFGTTGQSCTACSRAIVHEDVYDDFVAELVDRAESLDVGPGTDHEMGPQVSESELSSTLEYIDIAEAEGATLVAGGGVPEGEAVETGHFVEPTVFTDVDPDMRIAQEEVFGPVVAVIEVSDFDEGLAVANDVDYGLSASIVTDDHTEANRFVDEVEAGVVKVNDKTTGLELHVPFGGFKRSSSETWREQGDAGLDFYTIEKTVYDSY,482
0,MLALGIEGTAHTLGIGIVSEDKVLANVFDTLTTEKGGIHPKEAAEHHARLMKPLLRKALSEAGVSLDDIDVIAFSQGPGLGPALRVVATAARALAVKYRKPIVGVNHCIAHVEITKMFGVKDPVGLYVSGGNTQVLALEGGRYRVFGETLDIGIGNAIDVFARELGLGFPGGPKVEKLAEKGEKYIELPYAVKGMDLSFSGLLTEAIRKYRSGKYRVEDLAYSFQETAFAALVEVTERAVAHTEKDEVVLVGGVAANNRLREMLRIMTEDRGIKFFVPPYDLCRDNGAMIAYTGLRMYKAGISFRLEETIVKQKFRTDEVEIVW,324
0,MKIFFITSNPGKVREVANFLGTFGIEIVQLKHEYPEIQAEKLEDVVDFGISWLKGKVPEPFMIEDSGLFIESLKGFPGVYSSYVYRTIGLEGILKLMEGAEDRRAYFKSVIGFYIDGKAYKFSGVTWGRISNEKRGTHGFGYDPIFIPEGSEKTFAEMTIEEKNALSHRGKALKAFFEWLKVNLKY,186
0,MTAPWADWDHVLKIDPDKSLVDGETFDDIAQTGTDAIEIGGTLDVTTEKMRRVIDACRTHEVPLYQEPSNPAVVVEDEALDGYLVPVVLNAGDPFWITGAHKEWVRIADLDWERTTTEAYIVMNPDASVAEYTGADCGLDADEVGAYATVAERLLGQEVVYVEYSGTLGDPAVVEAAAGGVDDAAVFYGGGIDGYDAAYRMGAHADTIVVGDLVHEAGVDAVRETVSGVRDAQAEE,236
0,MAEQEPKELLEMSTDTERLLEENDLRPLWEVEKDFGNQFGGFEADIWKWEDIQASIDAIERDVPIADLPPGFQRRVAVPVNTGYRNAISNTIYVGVQTVSPGETAPAHRHGANALRFTIDGSEDMKTVVAGEEFPMRDNDLITTPQWEWHDHVNDGDETAAWLDVLDLPLVLDSLNARNTFENHELDRQPVTKSQGYWESQYGRARPFEDTKEDGIPGPFEGNCAATPPYRFSWKDTLQTLRQRAENDDPDPHDGYSLSYVNPATGQPPLFPTMSFRAQLLQEETDPHFHNAVDAYFVIEGEGATHVGDDVLEWSERDIFVIPPDEIHHHDPDGEAILLGMTDRPVFEAFNFYAEAEP,358
0,MSLPKELEKVLEITKAQNVWRRTQTLNLIASENVMSPLAESVYMSDFMSRYAEGKPYKRYYQGTKYTDEIETLTMELMNEITNSKDCDLRPTSGTIANAAVFRVLAEPGDKALIAPVQAGAHVSHTKFGTLGALGIQHIEMPFDEENINVDVDKAIKMIEEVKPKFVVLGGSLYLFPHPTKELAQHVHAVGAKLVYDAAHVYGLIEGKVWSNPLKDGADIMTVSTHKTFPGPQGGAIFSDGSEVFKQVSKTIFPWFVSNHHLHRLPATAVTAIEMKYFGESYANQILRNSKALAEALAERGFKVIGENLGYTKSHQVAVDVRQFGGGNKIAKLLEDANIIVNKNLLPYDKPEDVSDPSGLRIGVQEMTRYGMKEGEMEEIAELFKKVIIDKKDVNEVKKEVIEMRRNFLEVKYTFDDMKDLEKYSSKSLKLII,433
0,MTSADHVESAIAERREIVNEAVSEQLPVQKPERLYSASRYLLDAGGKRLRPTILLLAAESLADVEPLSADYRQFPSLPGDEVDVLSAAVSIEVIQSFTLIHDDIMDDDDLRRGVPAVHREYDLETAILAGDTLYSKAFEYMLDTGAPAERSVEALDELATTCTEICEGQALDVDFENRSDVTTEEYLEMVEFKTAVLYAAAASIPAILLGSDDETVEALHGYGLDIGRAFQIQDDLLDLTAPSDELGKQRGSDLVENKRTVITLHARDQGIDVEGLVSDDPSDAEIEAAVQTLEDAGSIDFAREMALDLVTSGKERLDVLPENEARQLLEDIADFLVERSY,341
0,MILDTDYITEDGKPVIRIFKKENGEFKIEYDRTFEPYFYALLKDDSAIEEVKKITAERHGTVVTVKRVEKVQKKFLGRPVEVWKLYFTHPQDVPAIRDKIREHPAVIDIYEYDIPFAKRYLIDKGLVPMEGDEELKMLAFDIETLYHEGEEFAEGPILMISYADEEGARVITWKNVDLPYVDVVSTEREMIKRFLRVVKEKDPDVLITYNGDNFDFAYLKKRCEKLGINFALGRDGSEPKIQRMGDRFAVEVKGRIHFDLYPVIRRTINLPTYTLEAVYEAVFGQPKEKVYAEEITTAWETGENLERVARYSMEDAKVTYELGKEFLPMEAQLSRLIGQSLWDVSRSSTGNLVEWFLLRKAYERNELAPNKPDEKELARRRQSYEGGYVKEPERGLWENIVYLDFRCHPADTKVVVKGKGIINISEVQEGDYVLGIDGWQRVRKVWEYDYKGELVNINGLKCTPNHKLPVVTKNERQTRIRDSLAKSFLTKKVKGKIITTPLFYEIGRATSENIPEEEVLKGELAGILLAEGTLLRKDVEYFDSSRKKRRISHQYRVEITIGKDEEEFRDRITYIFERLFGITPSISEKKGTNAVTLKVAKKNVYLKVKEIMDNIESLHAPSVLRGFFEGDGSVNRVRRSIVATQGTKNEWKIKLVSKLLSQLGIPHQTYTYQYQENGKDRSRYILEITGKDGLILFQTLIGFISERKNALLNKAISQREMNNLENNGFYRLSEFNVSTEYYEGKVYDLTLEGTPYYFANGILTHNSLYPSIIITHNVSPDTLNREGCKEYDVAPQVGHRFCKDFPGFIPSLLGDLLEERQKIKKKMKATIDPIERKLLDYRQRAIKILANSILPEEWLPVLEEGEVHFVRIGELIDRMMEENAGKVKREGETEVLEVSGLEVPSFNRRTKKAELKRVKALIRHDYSGKVYTIRLKSGRRIKITSGHSLFSVRNGELVEVTGDELKPGDLVAVPRRLELPERNHVLNLVELLLGTPEEETLDIVMTIPVKGKKNFFKGMLRTLRWIFGEEKRPRTARRYLRHLEDLGYVRLKKIGYEVLDWDSLKNYRRLYEALVENVRYNGNKREYLVEFNSIRDAVGIMPLKELKEWKIGTLNGFRMSPLIEVDESLAKLLGYYVSEGYARKQRNPKNGWSYSVKLYNEDPEVLDDMERLASRFFGKVRRGRNYVEIPKKIGYLLFENMCGVLAENKRIPEFVFTSPKGVRLAFLEGYFIGDGDVHPNKRLRLSTKSELLANQLVLLLNSVGVSAVKLGHDSGVYRVYINEELPFVKLDKKKNAYYSHVIPKEVLSEVFGKVFQKNVSPQTFRKMVEDGRLDPEKAQRLSWLIEGDVVLDRVESVDVEDYDGYVYDLSVEDNENFLVGFGLVYAHNSYYGYYGYARARWYCKECAESVTAWGREYITMTIKEIEEKYGFKVIYSDTDGFFATIPGADAETVKKKAMEFLKYINAKLPGALELEYEGFYKRGFFVTKKKYAVIDEEGKITTRGLEIVRRDWSEIAKETQARVLEALLKDGDVEKAVRIVKEVTEKLSKYEVPPEKLVIHEQITRDLKDYKATGPHVAVAKRLAARGVKIRPGTVISYIVLKGSGRIGDRAIPFDEFDPTKHKYDAEYYIENQVLPAVERILRAFGYRKEDLRYQKTRQVGLSAWLKPKGT,1671
0,MIGYLRGLAVIVEDVEFARRLYKEGFYGRFLGYDKVKRDEVEKINAPLILGLYEALYLAEKGRLKVMGEDGREVAPEELAALGRERMRNFDEIYKIYKYFRDLGYVVKSGLKFGALFSVYEKGPGIDHAPMVVVFLEPDKGISATDITRGGRLSHSVRKTWTLATVLRQTGEVVLLGFGWARL,183
0,MILDTDYITEDGKPVIRIFKKENGEFKIDYDRNFEPYIYALLKDDSAIEDVKKITAERHGTTVRVVRAEKVKKKFLGRPIEVWKLYFTHPQDVPAIRDKIKEHPAVVDIYEYDIPFAKRYLIDKGLIPMEGDEELKMLAFDIETLYHEGEEFAEGPILMISYADEEGARVITWKNIDLPYVDVVSTEKEMIKRFLKVVKEKDPDVLITYNGDNFDFAYLKKRSEKLGVKFILGREGSEPKIQRMGDRFAVEVKGRIHFDLYPVIRRTINLPTYTLEAVYEAIFGQPKEKVYAEEIAQAWETGEGLERVARYSMEDAKVTYELGKEFFPMEAQLSRLVGQSLWDVSRSSTGNLVEWFLLRKAYERNELAPNKPDERELARRRESYAGGYVKEPERGLWENIVYLDFRSLYPSIIITHNVSPDTLNREGCEEYDVAPQVGHKFCKDFPGFIPSLLGDLLEERQKVKKKMKATIDPIEKKLLDYRQRAIKILANSFYGYYGYAKARWYCKECAESVTAWGRQYIETTIREIEEKFGFKVLYADTDGFFATIPGADAETVKKKAKEFLDYINAKLPGLLELEYEGFYKRGFFVTKKKYAVIDEEDKITTRGLEIVRRDWSEIAKETQARVLEAILKHGDVEEAVRIVKEVTEKLSKYEVPPEKLVIYEQITRDLKDYKATGPHVAVAKRLAARGIKIRPGTVISYIVLKGSGRIGDRAIPFDEFDPAKHKYDAEYYIENQVLPAVERILRAFGYRKEDLRYQKTRQVGLGAWLKPKT,773
0,MDQPVLLTGAGGRVGQAILGHIGDAYDWRLLDREPLSDEKIPDSVDSTEVYVADVTDETAVRNAMDGVHAVIHLAGDPRPEAPWDSVLRNNIDGTQQMFDAAVDVGVEKFAFASSNHAVGAYETTDRTPDMYRPHHEFRLDGTELPRPSNLYGVSKAAGETLGRYYHDHHDISVVNVRIGNLTQHHPPKEYERGQAMWLSYRDCGHLFECCIEADYDYEIVYGISDNDRKYYSIDRARAVLGYDPQDNSAEFTFEGEPLDEA,262
0,MFIKYAEVLNLVKNILKSMVGEALIGSGPEVAHIDLVIGPRGGSVEAAFMNSLAMPRQGHTPLLAVLEPNIQPKPTTLIVNKVTIKNVSQAALMFGPAQAAVAKAVMDSVADGVLPEEQADDIFIIVSVFIEWDAKDKDKVYEFNYEATKLAIARAMEGRPTVEEALAKKDSANHPFA,178
0,MIKVMVMKIAVIGGTGDQGLGLALRFAVAGEEVIIGSRDAEKASKAASKVLEIAGRDDISVEGATNPDAAASADVVVLTVPLQAQMVTLASIRDQVRDKVLIDATVPIDSCIGGSAVRYIDLWEGSAAERAARFLREQGTRVAAAFNNISASALLEVSEPVDCDCLVASDHRDALEVAAELAEKIDGVRAIECGGLENARIIEKITPLLINLNIRNRVRNAGIRITNLPEQE,232
0,MVEVKKHKFPGVYTVIDDDGSERIATKNLVPGQRVYGERVIKWEGEEYRIWNPNRSKLGAAIMNGLKNFPIKPGKSVLYLGIASGTTASHVSDIVGWEGKIFGIEFSPRVLRELVPIVEERRNIVPILGDATKPEEYRALVPKVDVIFEDVAQPTQAKILIDNAEVYLKRGGYGMIAVKSRSIDVTKEPEQVFREVERELSEYFEVIERLNLEPYEKDHALFVVRKT,227
0,MDKKQFIKICRKLYDRKYVVGSGGNVSVKEGDKIYLTPTGSILGFLKEDDIAEMDLDGNVIKGKPTSEKNLHLMIYRKRNDINAIIHTHSLISTFLSTINKEIELLTPEGKIFLKKIGYVDYYEAGSLKLAEETAKRDEDVIILKNHGVVCLGKDLIDAYIKVEVLEEQAKLTLLNLLVKK,181
0,MNPFHDLEPGPDVPEVVYAIIEIPKGSRNKYELDKKTGLLKLDRVLYSPFFYPVDYGIIPRTWYEDDDPFDIMVIMREPVYPLTIIEARPIGLFKMIDSGDKDYKVLAVPVEDPYFKDWKDIDDVPKAFLDEIAHFFKRYKELQGKEIIVEGWEGAEAAKREILRAIEMYKEKFGKKE,178
0,MPDIVNRKVEHVEIAAFENVDGLSSSTFLNDVILVHQGFPGISFSEINTKTKFFRKEISVPVMVTGMTGGRNELGRINKIIAEVAEKFGIPMGVGSQRVAIEKAEARESFAIVRKVAPTIPIIANLGMPQLVKGYGLKEFQDAIQMIEADAIAVHLNPAQEVFQPEGEPEYQIYALEKLRDISKELSVPIIVKESGNGISMETAKLLYSYGIKNFDTSGQGGTNWIAIEMIRDIRRGNWKAESAKNFLDWGVPTAASIMEVRYSVPDSFLVGSGGIRSGLDAAKAIALGADIAGMALPVLKSAIEGKESLEQFFRKIIFELKAAMMLTGSKDVDALKKTSIVILGKLKEWAEYRGINLSIYEKVRKRE,368
0,MSSEKEYVEMLDRLYSKLPEKGRKEGTQSLPNMIILNIGNTTIIRNFAEYCDRIRREDKICMKYLLKELAAPGNVDDKGELVIQGKFSSQVINTLMERFLKAYVECSTCKSLDTILKKEKKSWYIVCLACGAQTPVKPL,139
0,MRYVKLPKENTYEFLERLKDWGKLYAPVKISDKFYDFREIDDVRKIEFHYNRTIMPPKKFFFKPREKLFEFDISKPEYREVIEEVEPFIIFGVHACDIYGLKILDTVYLDEFPDKYYKVRREKGIIIGISCMPDEYCFCNLRETDFADDGFDLFFHELPDGWLVRVGTPTGHRLVDKNIKLFEEVTDKDICAFRDFEKRRQQAFKYHEDWGNLRYLLELEMEHPMWDEEADKCLACGICNTTCPTCRCYEVQDIVNLDGVTGYRERRWDSCQFRSHGLVAGGHNFRPTKKDRFRNRYLCKNAYNEKLGLSYCVGCGRCTAFCPANISFVGNLRRILGLEENKCPPTVSEEIPKRGFAYSSNIRGDGV,367
0,MKELMRNVYLLDDTLVTKSKYGSHYGEKVFDGYREWVPWRSKLAAMILKGHRLKLRGDERVLYLGAASGTTVSHLADIVDEGIIYAVEYSAKPFEKLLELVRERNNIIPLLFDASKPWKYSGIVEKVDLIYQDIAQKNQIEILKANAEFFLKEKGEVVIMVKARSIDSTAEPEEVFKSVLKEMEGDFKIVKHGSLMPYHRDHIFIHAYRF,210
0,MGVQIGELIPRKEIELESLYGKKVAIDAFNAMYQFLSTIRQRDGTPLMDSQGRITSHLSGFFYRTINLMEAGIKPAYVFDGKPPDFKKRELEKRREAREEAEEKWYEALEKGDLEEAKKYAMRATRVNEELINDAKKLLELMGIPVVQAPSEGEAQAAYMAAKKAVYASASQDYDSLLFGAPRLVRNLTITGRRKLPGKNVYVEVKPELVVLEEVLKELGIDREKLIELAILVGTDYNPGGIKGIGPKKALTIVKRTKDPLAKYQKESDVDLYAIKEFFLNPPVTDDYELKWREPDEEGILKFLCDEHDFSEERVKNGLERLKKAVKAGKQRTLESWFGR,340
0,MSDKDSINRRNVLRKIGGIGVASAVGFSGLASGESLSDDEKQDVIDTIYKSQRVEQIKKKFGGVNIEPKKVQSVTTNQSGDLVTAKLSVSDGDLVYSSVKDTTVIVQFDRSASEIGESWPKNTEAFIKSTSSGVDLLRTATDEEIKDVTEGVNTSEIESADAVNIFIDPESQTYYMEKYDFNNKVLEMFELATGGTSSGKISPTREDQNHEYNVREHKVFNSEKQNIQLQSDCNINSNTAADVILCFNQVGSCALCSPTLVGGPVPTVACLLVVCFGTPNAVSAILEEVDNSCFNLIKDVISCWDEWTSFW,311
0,MVRAIITNAPNGGVKIENVNINEPEHYEVKLRPVYTGLCGTDRGEVLGNLSFAYNEPGYNYLVLGHEAICQVIEASENPYKIKPGDYVVPVVRRPGKCVNCRIGREDDCSDGDKHEAGITGLHGFMRDYFYDEAKNLVKINDKNMVKVAVLTEPTKNVMKAFEVFDTVSKRSIFQGDDSTNLTKNCLIIGTGSEAFLYAFMAREYRFNVFMTNRHPVGEEKLSIISRINADFYDYTREDPLKGIDLLIDTSGDPGTIFRFVRKMNYNGVVILFGTNGRAPATSIDGEDIDYIIERNISLVGSVDGAKRHYLRAVEYLEKWNYSEGSVINRLITGVFEPEDVSIFTKKPENEIKSVIKWS,359
0,MGEVKETKTNNSKENPEEEVPGVITTTTSAIHNFLKKTKAQDIINWGRKNSLWFMTQPMGCCGVEMIATGCAHYDTDRFGIIPRNSPRHADVMIISGYVTKKYLPALKRLWDQMPAPKWVIAMGDCAISGGPFYESYSTVQNIDEIFPIDVYIPGCPPRPEALIQGFVELQEKIKARKDRGTEY,184
0,MERTVTVVPEDGLHARPASKFVETANKFDADVQLGRADEDDLVPAASMLAVTGLGVGHDESVRLVAEGDDAEAALDALEDILSTPEAKQ,89
0,MKIKAISIDIDGTITYPNRMIHEKALEAIRRAESLGIPIMLVTGNTVQFAEAASILIGTSGPVVAEDGGAISYKKKRIFLASMDEEWILWNEIRKRFPNARTSYTMPDRRAGLVIMRETINVETVREIINELNLNLVAVDSGFAIHVKKPWINKGSGIEKASEFLGIKPKEVAHVGDGENDLDAFKVVGYKVAVAQAPKILKENADYVTKKEYGEGGAEAIYHILEKFGYL,231
0,MKLVAVTSCPTGIAHSQMAAENLLQAGERLGHDIDVEVQGAMGTQDELASDAIAEADAVIITSDTSVSRDRFDGKLVLKGTVKDGVNNAEAVVQKAVELAEAGKTGSVTFGSGDDGEDADVGADDSSDDADAAESDEPVRRGGDPEKGLFARLKKLFS,158
0,MDFPKVLLIRHFTEVLGMKYAGEGGEVLWFEEGLNRVAVGIYFTDLYEEAELYKRVGALMGLGASKVFLAVLPDALAFVDPRYFKANGVGLVVVDPAKGVDGVEVKIFARARPAAVEPLKIDAVKAALHEYLASELKRVEESLFEKVRRYVDQRVEEVKRALQAVEEAKRAAPPVQRAAAESAQEPRGGIGENEWVKILRSKR,203
0,MRGRLQGVELIARDWIGLMVEVVESPNHSEVGIKGEVVDETQNTLKIMTEKGLKVVAKRGRTFRVWYKGKIMRIKGDLINFRPEDRIKRGLMMLKRAKGVWI,102
0,MIDEKDKPYLEEKVKQASNILPQKIVDDLKNLILNKEIIVTRDEIDKIFDLAIKEYSEGLIAPGEAIGIVAAQSVGEPGTQMTLRTFHFAGIRELNVTLGLPRLIEIVDAKKVPSTPMMTIYLTDEYKRDRDKALEVARKLEYTKIENVVSSTSIDIASMSIILQLDNEMLKDKGVTVDDVKKAIGRLKLGDFMIEESEDSTLNINFANIDSIAALFKLRDKILNTKIKGIKGIKRAIVQKKGDEYIILTDGSNLSGVLSVKGVDVAKVETNNIREIEEVFGIEAAREIIIREISKVLAEQGLDVDIRHILLIADVMTRTGIVRQIGRHGVTGEKNSVLARAAFEVTVKHLLDAAARGDVEEFKGVVENIIIGHPIKLGTGMVELTMRPILR,392
0,MQKRELYEIADGKLVRKHRFCPRCGPGVFLAEHADRYSCGRCGYTEFKKAKKSKS,55
0,MINKTKRLMVSRQVKIPRKTYFWGPTPNPGMHPKDQSVTLLSIIRDYLKLSDKEREAARILANGLVKVDGKTVREKKFAVGFMDVIEINGESYRVVYNDQGALVLMKETKERASMKLLKVRSKVIAPGNRIQLGTHDGRTFITDDKSKKVGDVWAVSVPDMKISEIIKMQPGNKAYITAGSHVNQTGTISKIEAKEGSSANLVHFQEGFSTIKDHVFMIGSSKFSFVLSPEEVIP,235
0,MAEDEGYPAEVIEIIGRTGTTGDVTQVKVRILEGRDKGRVIRRNVRGPVRVGDILILRETEREAREIKSRR,71
0,MGNIRTSFVKRIAKEMIETHPGKFTDDFDTNKKLVEEFSTVSTKHLRNKIAGYITRIISQQK,62
0,MPPRPLDVLNRSLKSPVIVRLKGGREFRGTLDGYDIHMNLVLLDAEEIQNGEVVRKVGSVVIRGDTVVFVSPAPGGE,77
0,MKEVAKPLQERFFIPHEIKVMGRWSTEDVEVKDPSLKPYINLEPRLLPHTHGRHAKKHFGKANVHIVERLINKVMRSGGSHYKVAGHFMRREHRSLNSKKVRAYEVVKEAFKIIEKRTGKNPIQVLVWAIENAAPREDTTSVMFGGIRYHVAVDISPLRRLDVALRNIALGASAKCYRTKMSFAEALAEEIILAANKDPKSYAYSKKLEIERIAESSR,218
0,MTDEFGMVEPQEGEAFGDEWEEIDVSDDEADRIARRKDRDFDEFRMRLKDADQFKVEQSVFDDATFAAIYKLVQDGHIDAFGGPISTGKEANVFEALGGDDADVAVKIYRINASDFRHMRDYLEGDPRFENIGHDKGQVVRAWVRKEFANLERAQRAGVRVPKPIAVQRNVLVMELVGVVDDRARRLSEVRVENPQTAYEVVREYMRRLHRAGLVHGDLSEYNLIIHDGELVVIDLGQAVTVHHPNAEEFLRRDCRNVANFFRRQGADADGDSLYEFVTGDEGEDGDGDE,290
0,MRIINAEGLILGRLASKVAKMLLEGEEVVIVNAEKAVITGNRDVIFKKYKQRTELRTLTNPRRGPFYPKRSDEIVRRTIRGMLPWKTDRGRKAFKRLKVYVGIPKEFQGKELETIIEAHVSRLSRPKYVTVGEVAKFLGGKF,142
0,MPSSNGPLEGTRGKLKNKPRDRGTSPPQRAVEEFDDGEKVHLKIDPSVPNGRFHPRFDGQTGTVEGKQGDAYKVDIVDGGKEKTIIVTAAHLRRQE,96
0,MPFDRQKIVKAVKEAKARAKPRNFTQSVEVAVNLKDIDLKRPENRFKLEVVLPHGRGKDVKIAVIADGAVAEAARKLGLDVISSAELEEIASSPRQARKLAKKYDFFIAEAPLMPKIGRYLGRYLGPRNKMPVVVPPTLTDLTPIVEKLKKTVRIQLKNNPVVHAPVGTEKMSDEEIAENIEAVLNAIIGKLERGESQVKSVYVKTTMGPAVKIEG,216
0,MSNVPKEKRFIVWLDEVTKDDVVLVGGKNANLGEMIRAGIPVPPGFAVTAYAYKYFIEKTGLKDKIYPLLNSIDVNDKKVLDETTAKIRQWIMDTPMPPEVEEEIRKYYRELAKKIGMEPEKLRVAVRSSATAEDMPEASFAGQQDTYLNVYGEDNVVYYVKRCWASLFTSRAVFYRVAQGIPHEKSLMSVTVQKMVNSRTAGVMFTLHPVTGDEKVVVIEASWGLGESVVGGKVTPDEWVVDKQTLQIVDQKIHHKTLAIVFDPKKGKNVEIRWDENKQAWVSEEGPVDIEMVKHFHPDKPALKEEEVKRLAELALLIEKHYGRHMDIEWAVDYDIPFPDNVFIVQARLETVWSVRKEKEKAEKKAEIKGKNIVKLSEAKVLVRGLPASPGIGAGVAKVIFDPHSKEAQEFKEGEVLVTKMTDPDWVPLMKKAVAIVTDEGGMTSHAAIVSRELGIPAIVGTGNATQVIKSGIEVTVDGSRGVVYEGIVEDLVKPKEEVKAEVAGVGISPEQLLPLYPVTATKIYMNLGEPDAIEKYKDLPFDGIGLMRIEFIITDWVQYHPLYLIEQGKESLFIDKLAEGIAKVAQAIYPRPVVVRFSDFKTNEYRGLKGGEKYEPEERNPMIGWRGVSRYIHPKYEPAFRLEVRAIKKVREEMGLTNVWVMFPFVRTTWELERALKIMEEEGLKRGKDFKVWAMAEVPSIVLLADKFAEYVDGFSIGSNDLTQLILGADRDSNILAEMGYFDERDPAVLAGIKMIIEKAHSKGATVSICGQAPSVYPEIVEFLVEAGIDSISVNPDAVIATRRLVASIERKIMLKRLNKIMDKLNKLELGF,834
0,MMEYKIVENGLTYRIGNGASVPISNTGELIKGLRNYGPYEVPSLKYNQIALIHNNQFSSLINQLKSQISSKIDEVWHIHNINISEFIYDSPHFDSIKSQVDNAIDTGVDGIMLVLPEYNTPLYYKLKSYLINSIPSQFMRYDILSNRNLTFYVDNLLVQFVSKLGGKPWILNVDPEKGSDIIIGTGATRIDNVNLFCFAMVFKKDGTMLWNEISPIVTSSEYLTYLKSTIKKVVYGFKKSNPDWDVEKLTLHVSGKRPKMKDGETKILKETVEELKKQEMVSRDVKYAILHLNETHPFWVMGDPNNRFHPYEGTKVKLSSKRYLLTLLQPYLKRNGLEMVTPIKPLSVEIVSDNWTSEEYYHNVHEILDEIYYLSKMNWRGFRSRNLPVTVNYPKLVAGIIANVNRYGGYPINPEGNRSLQTNPWFL,427
0,MESLGATVKEPGSTRKNKTGSWRTFKPFLDKDKCIDCDNCILFCPEGCIDKEHEIDYDYCKGCGICAEECPVKAIKMEREK,81
0,MELELRFFATFREVVGQKSIYWRVDDDATVGDVLRSLEAEYDGLAGRLIEDGEVKPHVNVLKNGREVVHLDGMATALDDGDAVSVFPPVAGG,92
0,MVWKRTISAKALEKAKSAAVKVDDKVIFIANVNGNLYAMDAVCSHARCILGKLDEEKLTVRCYCHLALFDLRTGQMLEPPYVAPDAPKEKLGLKTYQIRDNNGWIEVDV,109
0,MLIPIRCFTCGSLIADKWQSFITRVNAGENPGKVLDDLGVKRYCCRRMLLSHVDIINEVIHYTRPI,66
0,MITIKEKRKTRIGEEFIFSLKAPISFSNAIRRIMISEVPTFAIEDVYIYENSSSMDDEILAHRLGLIPIKGKPLLENEVITFTLEKEGPCTVYSSDLKSENGEVAFKNIPIVKLGKGQRIQIECEAIPGIGKVHAKWQPCNAVYKQIADDEVEFFVETFGQMEAEEILEEAVKILKNKAESFLQQLEMIEQ,191
0,MIVPVRCFTCGKVLADKYYEFKKRVEAGEDPGKVLDDLGVERYCCRRTLLSHVELIDQVMVYKVY,65
0,MAVYRCGKCWKTFTDEQLKVLPGVRCPYCGYKIIFMVRKPTIKIVKAI,48
0,MGLERDEILSQDLHFNEVFISLWQNRLTRYEIARVISARALQLAMGAPALIDINNLSSTDVISIAEEEFRRGVLPITIRRRLPNGKIILLSLRKS,95
0,MSETDSTDFHEMREPRIEKVVVHMGVGQGGVELQNAETILEAITGQQTVRTKAKSPEPEFGLRQGDPIGAKVTLRDDTAVDFLERALPAADLDRRQFDNTGNVSFGIEEHTDFPSQEYDPNIGIYGMDVTVNLTRPGYRVAKRDQGTRQIPSNHRLNSEDAVSFLVSNFDVEVNE,175
0,MPFEVVFDGAKEFADLIATASNLIDEAAFKFTEEGISMRAMDPSRVVLIDLNLPESIFSKYEVEEPETIGINMDQFKKILKRGKAKDTLILRKGDENFLEITFEGTAKRTFRLPLIDVEELELELPELPFTAKVVLLGEVLKEGIKDASLVSDAIKFIAKENEFTMKAEGETNEVEIRLTLEDEGLLDLEVEEETKSAYGIRYLSDMVKGIGKADEVILRFGNEMPLQMEYMIRDEGRLTFLLAPRVEE,249
0,MGDSEIQYLLEKLKKLEEDYYKLRELYRRLEDEKKFIESERIRYEREVRRLRSEVERLRSPPLLVGVVSDILEDGRVVVKSSTGPKFVVNTSQYINEEELKPGARVALNQQTLAIVNVLPTSKDPMVYGFEVEEKPEVSYEDIGGLDVQIEEIREAVELPLLKPELFAEVGIEPPKGVLLYGPPGTGKTLLAKAVANQTRATFIRVVGSEFVQKYIGEGARLVREVFQLAKEKAPSIIFIDELDAIAARRTNSDTSGDREVQRTMMQLLAELDGFDPRGDVKVIGATNRIDILDPAILRPGRFDRIIEVPLPTFEGRIQIFKIHTRKMKLAEDVDFKELARITEGASGADIKAICTEAGMFAIREERAKVTMLDFTKAIEKVLKKTTPIPDLKGVMFV,398
0,METVVNQIKSKLPENLEGLLDLAYNYWWSWNRRATKLWEKIDPEHWWEYKNPVKLLLDTPEERLKELSKDDDFINLYELVIDQFRHYMNPESTWFSTNYPKWEEPVIYLCMEYGISKSLPIYSGGLGILAGDHIKTASDLGIPLIAIGLLYKHGYFKQEIDKDGKQIEVFPEYNPEEMPIKPLTTEKGKPLLIEVPIEDRIVYARAFEVNVGRVKLYLLDTDVPQNSPDDRTICDYLYNAEIDKRIKQEILLGIGGMRLLRMLGIDPAVIHLNEGHPAFANFQRIAWYMEEGLNFLEALTVVRGTTIFTTHTPVPAGHDKFPIAEVEKRLAKFLEGLPKDEFLNLGREGDQFNMTLLSIRTSSYVNAVSKLHSKVTKEMWRHLWNGVPLDEIPVEGITNGVHTKTWLHNEIKKLVDRYIGRVWRDYAELEGLWYGVERIPDEELWEAHLKAKREFIELIKRKIKERNERLGIEEPLPEIDENALIIGFARRFATYKRATLILTDLERLKKIVNNPERPVYIIFGGKAHPRDEAGKEFLRKVYEVSQMPEFKNKIMVFENYDMGSARAMVAGVDVWLNNPRRPLEASGTSGMKAGLNGVLNLSVYDGWWVEGYNGKNGWVIGDESLEPETEKDNIRDAQSLYNLLENEVIPTYYENRARWIYMMKESIKSIAPRFSTHRMVKEYVDKFYSKALANAILLQRDSFKATREIASWKAKIFNSWDKVEIERIITHDATGVEVIVNLDGLSPEDVKVEIYYGVKAEGYAIEKPYVIELKHPQSLGGNRWLYRYEGNALKNLGHPCWHYAVRVYPYHDKLPHKFLLGLIKWKGFFEL,831
0,MAQNNKELEKLAYEYQVLQAQAQILAQNLELLNLAKAEVQTVRETLENLKKIEEEKPEILVPIGAGSFLKGVIVDKNNAIVSVGSGYAVERSIDEAISFLEKRLKEYDEAIKKTQGALAELEKRIGEVARKAQEVQQKQSMTSFKVKK,148
0,MDREALLQAVKEARELAKPRNFTQSFEFIATLKEIDMRKPENRIKTEVVLPHGRGKEAKIAVIGTGDLAKQAEELGLTVIRKEEIEELGKNKRKLRKIAKAHDFFIAQADLMPLIGRYMGVILGPRGKMPKPVPANANIKPLVERLKKTVVINTRDKPYFQVLVGNEKMTDEQIVDNIEAVLNVVAKKYEKGLYHIKDAYVKLTMGPAVKVKKEKAKKK,219
0,MDSAQIQKAVKEARTLAKPRNFTQSVDLIVNLKELDLTRPENRLKEQIVLPSGKGKDTKIAVIAKGDLAAQAAEMGLTVIRQEELEELGKNKKAAKRIANEHGFFIAQADMMPLVGKSLGPVLGPRGKMPQPVPGNANLAPLVARFKKTVAINTRDKSLFQVYIGTEAMSDEEIAANAEAILNVVAKKYEKGLYHVKSAFTKLTMGAAAPISK,213
0,MDAFDVIKTPIVSEKTMKLIEEENRLVFYVERKATKEDIKEAIKQLFNAEVAEVNTNITPKGQKKAYIKLKDEYNAGEVAASLGIY,86
0,MADVLTELPGVGPSTADKLIEGGYLDFMKIATATIGELTDIEGISEKAAAKMIMAARDLCDLGFKSGVELLKQRQSVWRLSTGSTELGTVLAGGIESQSVTEFAGMFGSGKTQIMHQTCVNLQMREKIFADLEGVVEEELEAPKAVYIDTEGTFRPERVVQMAEGAGIDGQTVLDNTFVARAYNSDMQMLFAEKIEDLIKGGNNIKLVIIDSLTSTFRNEFTGRGKLAERQQKLGRHMATLNKLADLYNCIVLVTNQVAAKPDAYFGVAEQAIGGHVVGHAATFRFFLRKSKGDKRVAKLYDSPHLPDSEAVFRITEKGIQD,322
0,MPVDAWIREEVEIPEGVEVTVEGYKVKVKGPKGELEREFFWPGIQIFTEDGNVVIYKDFPRRKDVAIARTFAAHIRNMIKGVTEGFTYKLKVVYSHFPISVKVQGDEVIIENFLGEKAPRKAKILPGVTVKVRGQEIIVEGIDKEAVGQTAANIEQATRITKWDRRIFQDGIYIVEKAGKPITF,184
0,MFLLGSGGKHFEDELRNAGAKILEVEIKRFPDGEKYVRVMGNGDEATVVSSTFYPQDEKIVELLLLGDALREKGFEKLKLVVPYFAYSRQDRVTKDGEPISVRAVMRALGIYYEELYIFDTHNPETLRFFPGKAVNVSPARVIGEYFREKLGDGLVLAPDKGALERARAVAEVLGLEYSHFEKRRISPTEVEMHPVDVDVKGKNVLIVDDIISTGGTMVRAAELLRKLGAKKIYVSATHGVFAEGAIERVSRAVDELAVTNTIPTPVSRISIVPELLKLE,280
0,MSADMAAQSESGEGGDDGRADGGLGDRLVYLAVLSRPRFWLYLAGPVVVGVAAAASALADLFGLEPVALFAYFLVPANVFLYGVNDVFDADVDEANPKKDDREARWRGDPVNTVVVAASGLLGVGLFAVAPRVAWPWLAAHFFLAVEYSAPPFRFKTTPLLDSVSNGLYVLPGVAAYAAVSGSNPPMLAVAGAWLWTMGMHTFSAIPDIEPDREAGIRTTATALGERRTYWYCAATWVLAAVAFAAVDLRLGALLAAYPVVVLGIVAAGVDVDRAYWWYPVINTVVGMLITLGALWRLVNG,301
0,MEGKAYALASGTIINAIATGKGSAFGLDLKVYAKVKLIDDGKNKIEGKVLDNPNIKPNLIVRCVKNTLDYFGLNYSAYVETKTEIPIKSGLSSSSATSNAVVLATFDALGEKIDDELILNLGIKSSFDEKLTVTGAYDDATASYYGGITITDNIERKILKRDKMRDDLNVLILIPNLEKNVDVNRMKLIKDYVEIAFNEAINGNYFKALFLNGILYASALNFPTNIAIDALDAGAITAGLSGTGPSYIAMVEDENVEKVKEKLNRYGKVILTKPNNDGASIY,282
0,MSEREVLQKINSPEGKEDRIIGKHVFGNLYDIDAERLNDKEFLEKLVLEAVDIAHMKLVEIKAWSFGGKKGGVSVIALVEESHIALHTWNEYNYATLDVYTCGEDSDPQSAFAHIVNALNPKRYQMFYADRSSQ,134
0,MDGYALFYLVGALRDGSVYRYSRNYYVIWYSSNKDYLERVIVSKLRILGFHNVRVYQYKRGAYRVRISSKQLFHILVNQFEHPLSTSSRKTPWPTPQRVKDGPLALQIEYVKGFVDAEGSVIKSSKGVQVDVSQQIMEPLKFLAQVLEKVGVKVTGIYLGSDGVWRLRIASLASLRRFAHYIGFRHPCKSKKLNELLGRPLPGPSKLKGIGGGAPQGVEPAA,222
0,MKVPRCMSTQHPDNVNPPFFAEEPELGGEDEIREAYYVFSHLGCDEQMWDCEGKEVDNYVVKKLLTKYQAFFRDHVLGEDLRLTLRVPNPTVERAEAKILLETLESIPRSYDTASLFYGMDAAPVFEVILPMTSSSSCLNRIHSYYLDFVKGKERLQLADGVTVKEWIGEFRPDEINVIPLFEDHEGMLNAAKITGEYLDGKDIQEQRVFLARSDPAMNYGMISATLLNRIALSDFRDLEEESGVKLYPIIGMGSAPFRGNLRPDNVEDVTWEYRGAYTFTVQSSFKYDHEPSDVIRGIKKLRSVKPGRAAEIERESVLEIISAYCREYRRQVMDLVDIINRVARYVPGRRKRKLHIGLFGYSRSMGNVSLPRAITFTAALYSLGVPPELLGFNALSSGDLEFIEEVYPGLGRDLHDAARYANPESPFLSPEVKSSFEEYLEPEYDEGHMKTTEEIIRALRINRTANLQELILEAASQRKFLG,483
0,MRVAPPYVRAAGRFEAQLSVLTGAGNMGNYNMHAVAKVIHGGKAYEVPVLTGNALKHWHSVYLAEVYQDLGGTQLNEFCKKGVGLRGKNMSGEDASSEAEAIKDLCNDLHGFLLPDKQIKRDSLVRVSFAVPVLEEKNLEAASKFAVVHNRVDPFKRTQQVKSKEEQEGTEMMVFKQEYSSAVYGFAAAMDLGLSGVPLYQEGESGVDDRERALRIKSALVALLRLFNGVGSKQARALPIARLRELVIAISDSPIPNLVHGAYPDYVARSAELLTAYLKAVGKKGVVLCYGVDCPQSNNVLECKKADTLDDLFQEALRRALPGGQPARR,329
0,MTDFQTLLEFIETETGFATSYYDESYLDRRVSARMRRRGVEEYAGYLTLLEEDDDDERAELLDTLSVNVTEFFRDEKVWTALRDVLLELADTVRSIDIWSAACADGREPYSLAMLALDAGLDPRNVSILATDIDEDALARARAGRYESTRTADISDQLGFLDNPQEYVDREGDRAFVVNDRVKDLVTFERHDLITGDPKSGFDLVACRNVCIYIDKQYKLPILDTVSKSLREGGHLVLGQTETLPGEVKERFEAEDPRIRIYSRVADT,268
0,MVVTVYLLIVYDVGVERVNRVKSYLRTELHWVQNSVFEGEVTESQFRRIETNLERIIDRERDSVIIYSFRSERAMNRNVLGLEKSPLDVIL,91
0,MTEKLGILAIGHGSKLPYNKEVVSQIADYIAQKHSDVVVRAGFMENSEPTLEEAIAGFAGTGVTKIAAVPVFLASGVHITKDIPGILSLDEKGCGILNIDGKDVPLCYAKPLGADELIADLVFKRVQEAL,130
0,MESYIQNLFAERIGGKKFGKEDVIYKFEKIKRAKQEAMKRHPDMELIDMGVGEPDEMADPEVIRVLCEEAKKWENRGYADNGIQELKDAVPPYMEKVYGVKDIDPVNEVIHSIGSKPALAYITSAFINPGDVCLMTVPGYPVTATHTKWYGGEVYNLPLLEENDFLPDLESIPEDIKKRAKILYLNYPNNPTGAQATKKFYKEVVDFAFENEVIVVQDAAYGALVYDGKPLSFLSVKDAKEVGVEIHSFSKAFNMTGWRLAFLVGNELIIKAFATVKDNFDSGQFIPIQKAGIYCLQHPEITERVRQKYERRLRKMVKILNEVGFKARMPGGTFYLYVKSPTKANGIEFKTAEDFSQYLIKEKLISTVPWDDAGHYLRLAACFVAKDENGNPTTEEKYEDMVLEEFKRRLEGMDLEFE,418
0,MSKGEKMKIKVGVLGATGSVGQRFVQLLADHPMFELTALAASERSAGKKYKDACYWFQDRDIPENIKDMVVIPTDPKHEEFEDVDIVFSALPSDLAKKFEPEFAKEGKLIFSNASAYRMEEDVPLVIPEVNADHLELIEIQREKRGWDGAIITNPNCSTICAVITLKPIMDKFGLEAVFIATMQAVSGAGYNGVPSMAILDNLIPFIKNEEEKMQTESLKLLGTLKDGKVELANFKISASCNRVAVIDGHTESIFVKTKEGAEPEEIKEVMDKFDPLKDLNLPTYAKPIVIREEIDRPQPRLDRNEGNGMSIVVGRIRKDPIFDVKYTALEHNTIRGAAGASVLNAEYFVKKYI,354
0,MVEQDPFEIAVKQLERAAQYMDISEEALEFLKRPQRIVEVSIPVEMDDGSVKVFTGFRVQYNWARGPTKGGIRWHPEETLSTVKALAAWMTWKTAVMDLPYGGGKGGVICNPKEMSDREKERLARGYVRAIYDVISPYTDIPAPDVYTNPQIMAWMMDEYETISRRKDPSFGVITGKPPSVGGIVARMDATARGASYTVREAAKALGMDLKGKTIAIQGYGNAGYYMAKIMSEEYGMKVVAVSDSKGGIYNPDGLNADEVLAWKKKTGSVKDFPGATNITNEELLELEVDVLAPSAIEEVITKKNADNIKAKIVAELANGPTTPEADEILYEKGILIIPDFLCNAGGVTVSYFEWVQNITGDYWTVEETRAKLDKKMTKAFWDVYNTHKEKNINMRDAAYVVAVSRVYQAMKDRGWIKK,419
0,MAKALEQPFDVANIPGPKMATLLEKGKPVANMIKKAKRPLLIVGPDMTDEMFERVKKFVEKDITVVATGSAITRFIDAGLGEKVNYAVLHELTQFLLDPDWKGFDGQGNYDLVLMLGSIYYHGSQMLAAIKNFAPHIRALAIDRYYHPNADMSFGNLWKKEEDYLKLLDEILAEL,175
0,MWGRDYELKYISYPKSVAIIGASKTEGKVGYAIMKNLKDFNGKIYPINPKYDEIFGIKCYKSVLDVEDDIDLAVIVVPNIVVPKVLEECGKKGVKGAVIITAGFSEVGNYELENKIKEIAKRYNIRIIGPNCLGIMNTHINLNATFAKVFPPKGGVSIISQSGAVLNAILDIAPLLNIGFSKVVSIGNKADIQESDLLEYFLDDEDTKIVVLYIEGLKDKRFLKVAKKLSKKKPIIALKSGRTEVGKKAAKSHTGSLAGEDVIYEAAFKEAGIIRAYTFEELVDLIHLFSTQPTISSNEIGIITNAGGFGVLAADSCVDYNMKLSNFEKSTIEKLKNILPPTANISNPLDIIGDATPERYKKVIEVLAEDSNVKGLLVILTPQEMTKPLEVAKSIIEVKNSHKEFKNKPLITSFVGGVSVKGAKSYLRKNGIPAYITPENGVKALSHLYKYSLMKVKEDYDEYLENIKEEFIKITEENKEIIKELLSNPNEYTAKKLLSIYGLPVPKGYLAKNEDEALEYCKKLGKCVMKIVSPQIIHKTEAGGVIINPKNPKEAFKKLIENAKEYAKRMGIDNLIIEGVLVEEFIEKDMMEIIIGAKRDDIFGSVVMVGLGGVFVEVLKDVSFGISPITRDFAHEMLRELKSYKVLEGVRGRPKRDINFIVDTLIKIGVFMDIHKEIKELDLNPVFVFNEKEGGCIGDARIIK,704
0,MSKLTTGSFSIEDLESVQITINNIVGAAKEAAEEKAKELVKAGPTLFPGLESYRDDWNFKLLDRYEPVVTPMCDQCCYCTYGPCDLSGNKRGACGIDMMGHNGREFFLRVITGTACHAAHGRHLLDHLIETFGEDLPLNLGQSNVLTPNITISTGLSPKNLGEVKPAMEFVEEQLTQLLATVHAGQESAEIDYDSKALFSGSLDHVGMEISDVVQVAAYDFPKADPEAPLIEIGMGTIDKSKPFLCVIGHNVGGVTYMMDYMEENNLTDKMEIAGLCCTAIDLTRYKEADRRPPYAKVIGSMAKELKVIRSGMPDVIVVDEQCVRGDIVPEAQKLKIPVIASNAKIMFGLPNRTDADVNETIEELKSGAIPGCVMLDYEKLGELCIRLTMEMAPIRDASGITAIPTDEELANWVAKCADCGACLIACPEELDIPEAMGFAKEGDYSYLEGLHDICIGCRRCEQVCKKEIPILNIIEKVSQKQIAEEKGWMRAGRGQVSDAEIRAEGLNLVMGTTPGIIAIIGCPNYAEGTKDVYYIAEEFLKRNFIVVTTGCGAMDIGMFKDDDGKTLYERYPGGFQCGGLVNIGSCVSNAHITGAAEKVAAIFAQRTLEGNLAEIADYILNRVGACGLAWGAFSQKASSIGTGCNILGIPAVLGPHSSKYRRALIAKTYEEDKWKVYDARNGQEMPIPPAPEFLLTTAETWQEAIPMMAKACIRPSDNSMGRAIKLTHWMELHKKYLGGSEPEDWWKFVRNEADLPLANREALLKKLEAERGWEIDWKKKKIISGPKIKFDVSAQPTNLKRLCKEA,807
0,MYDWFSEMRKKDPVYYDGNIWQVFSYRYTKEVLNNFSKFSSDLTGYHERLEDLRNGKIRFDIPTRYTMLTSDPPLHDELRSMSADIFSPQKLQTLETFIRETTRSLLDSIDPREDDIVKKLAVPLPIIVISKILGLPIEDKEKFKEWSDLVAFRLGKPGEIFELGKKYLELIGYVKDHLNSGTEVVSRVVNSNLSDIEKLGYIILLLIAGNETTTNLISNSVIDFTRFNLWQRIREENLYLKAIEEALRYSPPVMRTVRKTKERVKLGDQTIEEGEYVRVWIASANRDEEVFHDGEKFIPDRNPNPHLSFGSGIHLCLGAPLARLEARIAIEEFSKRFRHIEILDTEKVPNEVLNGYKRLVVRLKSNE,368
0,MFKGVYPAIITPFKNKEVDFDGLEENINFLIENGVSGIVAVGTTGESPTLSHEEHKKVIEKVVDVVNGRVQVIAGAGSNCTEEAIELSVFAEDVGADAVLSITPYYNKPTQEGLRKHFGKVAESINLPIVLYNVPSRTAVNLEPKTVKLLAEEYSNISAVKEANPNLSQVSELIHDAKITVLSGNDELTLPIIALGGKGVISVVANIVPKEFVEMVNYALEGDFEKAREIHYKLFPLMKAMFIETNPIPVKTALNMMGRPAGELRLPLCEMSEEHKKILENVLKDLGLI,289
0,MDNPFARFAGTRTIQANLSLLEENYVPDSFPHRENQINEMVTILSSIMRGSRPSNIIVYGKTGTGKTSTTKYVTKMLVEAASNVSVVYVNCEIYDSPYSILVAIANSAGEEKIPELGWPIDRIYRETVERVEKTGKFFIIILDEMDRLIKKNGGDSLYVLLKLMTDVDSVRVSMIGITNDTTVLENIDARIKSRLNQESIVFPPYNASEIRDIISSRLDKVLGPGVVDDTAINLCAAIGAQEHGDARKAIDLMRIAIEIAIRENRNKITENEIYEARERYEMNVLREAISTLPLHSKIVLLSAVVTQEIEPNSVITGEIYENYRRICDDLGFSPLSPRRISDLLTELADYGLLVMDDRNMGKYGRTRSFSVVHQAETIKKYLLEDENLSMFKSSKMPKQTRFDT,404
0,MRGSLAIYNALKDSNIDFICSVPCANLKNLLKLIEEDKNIINIPATREEEAFGICAGAYLAGKKTAILMQNSGIGNSINAIASLYKTFQIPTLLIISHRGDLKEQIPAQIPMGRWIEKLLDVCEIPTYKPKTPEEAYKLIKYASSYMYKISYPVALLFDALYWEYDLEK,169
0,MASIVFSTIGNPKGYQKVTYEIDGEKFESNVSVLALRDLLKVDKTVVILGISVADVYNCKYADYRSCKECIIQNSKNDLGISESYVVAPNVYQKFKGKPDHYFTYIYYHSLRILEKEGINEVFIDTTHGINYMGVLAKEAIQLAVSAYAAKSEKEVKVSLYNSDPVGKDVSDTVKLHEIEAIKISPLSGLKYVTYQILNKDKNFFNKIFSDSVNAIPRFATALDNGLFIYLSEKDSSLHLKRLEDDLSKDPLLTPSENEINVVYKDMKYALSHALFYVISRFSGNVDLDTLRHYAETYADKVTRAIIENEVDKIEKYQMGSERKLLGEYMKVEGKGFDKRILYAHGGLPYAGTYVYKEKDKVYVTYGDKIDEIERQI,377
0,MFFTHSDMLLLSKRIKKLPKNVDEELRGWNWSEPPVYTRSLSQVSISEMVYCSTLRNVYLKVKGFRGEIGRQILQGSLIHTIYAIGIEAIKRFIYSRESIDGSTLRTLMGDEFYSLLKDLREEEGIYAKVLWDHITNIYSAELDRVRSKFTNLTRDSLVSQVVPFYVEFPVDGSLLGLTNLRVDAFIPHLPLIAEMKTGKYRYTHELSLAGYALAIESQYEIPIDFGYLCYVTVTEKEVKNNCKLIPISDSLRSEFLDMRDKAQDIMDKGVDPGIAKDCESDCMFYKVCHP,291
0,MKKGKCVIFIIDGLGDRPNEKGLTPLKEAKTPTMDKIAKEGICGLMNAIDIGIRPGSDTAHLAILGYNPYEVYTGRGPLEAFGVGLDLKEGDIAFRCNFATVDENFVVLDRRAGRISPEEAEELEKEIDGLEIDGVKVIFKSSKGYRGALVLRGEGLSCRVSDGDPHEEGVKVSEIKPLDDSEEAKRTAEILNKLLKIVYEKLNNHPINEERRKKGLPPANIILPRGAGVVPKIEKFSEKYNMKGACICGTGLIKGMAKMIGLDVIEVEGATGTPKTNFMGKAKALVEALKEYDFVLVNVKGADEASHDGNYELKKEVLEKIDEMLAYVFEHINKDEVYFVLTGDHSTPIEMKDHSADPIPIVIWGKSVRVDDVTEFNEFACAKGALHWIKGEHVMKILLDLTGRNEKFGA,411
0,MVSLTKRCIAEFIGTFILVFFGAGSAAVTLMIASGGTSPNPFNIGIGLLGGLGDWVAIGLAFGFAIAASIYALGNISGCHINPAVTIGLWSVKKFPGREVVPYIIAQLLGAAFGSFIFLQCAGIGAATVGGLGATAPFPGISYWQAMLAEVVGTFLLMITIMGIAVDERAPKGFAGIIIGLTVAGIITTLGNISGSSLNPARTFGPYLNDMIFAGTNLWNYYPIYVIGPIVGAVLAALTYQYLTSE,246
0,MEAPQNVGIKRRLKRFFRRDGRALIFAMDHGFEHGPTDFEPVWEHVNPRVIIRKVVRAGIDGVMMLPGLARIAGDEVKPEVGLMIKLTSKTNLRPKPEQLLQSQLGFVDDAIKLGADAIAATVYWGSPQEDVMMRQFAEIVSYAHDLGYPVVQFAYPRGPYIDEKYGKKEDYRVVMYGARAAAESGADMIKTYWTGSKETFAKVVEAAAGVPVLLSGGAKTENPVDFLKVVWEVIEAGGAGAVVGRNIFQRENPEPMIKALIRVIHRNEDPEEAAKAEGLI,281
0,MAEEHVVYIGKKPVMNYVLAVITQFNEGAKEVSIRARGRAISRAVDVAEIVRNRFLPEVRVKEIKIGTEELPTADGRTANTSTIEIILEKP,91
0,MAEHVVYVGNKPVMNYVLATLTQLNEGADEVVIKARGRAISRAVDVAEIVRNRFMPGVKVKEIKIDTEELESEQGRRSNVSTIEIVLAK,89
0,VEQDPYEIVIKQLERAAQYMEISE,24
0,MTTVKFKYKGEEKEVDISKIKKVWRVGKMISFTYDDNGKTGRGAVSEKDAPKELLEKLEKK,61
0,MTPATRNNDSAVAVADAFDDTGDGPPTAARFAALAACWRQPDDDLQAALAAETDTTVDAQSLRAEYTRLFVGPGPSQSPPYESVYRDGERDADLGPVYGSSTQAVARWYSEYGLQPAASESAPPDHLATELEFAAYLREHEGAETLEQFLTEHPRNWVESFARRVRDADPKPFYRTLLNVTVDTLARADTPL,192
0,MATVKFKYKGEEKQVDISKIKKVWRVGKMISFTYDEGGGKTGRGAVSEKDAPKELLQMLEKQKK,64
0,MEFKVIAEYFDKLEKISSRLQLTALLADLLSKSDKTIIDKVVYIIQGKLWPDFLGYPELGIGEKFLIKAISIATNTDENSVENLYKTIGDLGEVARRLKSKQQSTGILGFLGTTSKESLTVDEVYSTLSKVALTTGEGSRDLKIRLLAGLLKKADPLEAKFLVRFVEGRLRVGIGDATVLDAMAIAFGGGQSASEIIERAYNLRADLGNIAKIIVEKGIEALKTLKPQVGIPIRPMLAERLSNPEEILKKMGGNAIVDYKYDGERAQIHKKEDKIFIFSRRLENITSQYPDVVDYVSKYIEGKEFIIEGEIVAIDPESGEMRPFQELMHRKRKSDIYEAIKEYPVNVFLFDLMYYEDVDYTTKPLEARRKLLESIVKPNDYVKIAHHIQANNVEDLKSFFYRAISEGGEGVMVKAIGKDAIYQAGARGWLWIKLKRDYQSEMADTVDLVVVGGFYGKGKRGGKISSLLMAAYNPKTDSFESVCKVASGFSDEQLDELQKKLMEIKRDVKHPRVNSKMEPDIWVEPVYVAEIIGSEITISPLHTCCQDVVEKDAGLSIRFPRFIRWRDDKSPEDATTTDEILEMYNKQPKKKIESPAVDESV,601
0,MVKVKFKYKGEEKEVDTSKIKKVWRVGKMVSFTYDDNGKTGRGAVSEKDAPKELLDMLARAEREKK,66
0,MELPKEIEEYFEMLQREIDKAYEIAKKARSQGKDPSTDVEIPQATDMAGRVESLVGPPGVAQRIRELLKEYDKEIVALKIVDEIIEGKFGDFGSKEKYAEQAVRTALAILTEGIVSAPLEGIADVKIKRNTWADNSEYLALYYAGPIRSSGGTAQALSVLVGDYVRRKLGLDRFKPSGKHIERMVEEVDLYHRAVSRLQYHPSPDEVRLAMRNIPIEITGEATDDVEVSHRDVEGVETNQLRGGAILVLAEGVLQKAKKLVKYIDKMGIDGWEWLKEFVEAKEKGEEIEESESKAEESKVETRVEVEKGFYYKLYEKFRAEIAPSEKYAKEIIGGRPLFAGPSENGGFRLRYGRSRVSGFATWSINPATMVLVDEFLAIGTQMKTERPGKGAVVTPATTAEGPIVKLKDGSVVRVDDYNLALKIRDEVEEILYLGDAIIAFGDFVENNQTLLPANYVEEWWIQEFVKAVNEAYEVELRPFEENPRESVEEAAEYLEVDPEFLAKMLYDPLRVKPPVELAIHFSEILEIPLHPYYTLYWNTVNPKDVERLWGVLKDKATIEWGTFRGIKFAKKIEISLDDLGSLKRTLELLGLPHTVREGIVVVDYPWSAALLTPLGNLEWEFKAKPFYTVIDIINENNQIKLRDRGISWIGARMGRPEKAKERKMKPPVQVLFPIGLAGGSSRDIKKAAEEGKIAEVEIAFFKCPKCGHVGPETLCPECGIRKELIWTCPKCGAEYTNSQAEGYSYSCPKCNVKLKPFTKRKIKPSELLNRAMENVKVYGVDKLKGVMGMTSGWKIAEPLEKGLLRAKNEVYVFKDGTIRFDATDAPITHFRPREIGVSVEKLRELGYTHDFEGKPLVSEDQIVELKPQDVILSKEAGKYLLRVARFVDDLLEKFYGLPRFYNAEKMEDLIGHLVIGLAPHTSAGIVGRIIGFVDALVGYAHPYFHAAKRRNCDGDEDSVMLLLDALLNFSRYYLPEKRGGKMDAPLVITTRLDPREVDSEVHNMDVVRYYPLEFYEATYELKSPKELVGVIERVEDRLGKPEMYYGIKFTHDTDDIALGPKMSLYKQLGDMEEKVKRQLTLAERIRAVDQHYVAETILNSHLIPDLRGNLRSFTRQEFRCVKCNTKYRRPPLDGKCPVCGGKIVLTVSKGAIEKYLGTAKMLVANYNVKPYTRQRICLTEKDIDSLFEYLFPEAQLTLIVDPNDICMKMIKERTGETVQGGLLENFNSSGNNGKKIEKKEKKAKEKPKKKKVISLDDFFSKR,1263
0,MITEFLLKKKLEEHLSHVKEENTIYVTDLVRCPRRVRYESEYKELAISQVYAPSAILGDILHLGLESVLKGNFNAETEVETLREINVGGKVYKIKGRADAIIRNDNGKSIVIEIKTSRSDKGLPLIHHKMQLQIYLWLFSAEKGILVYITPDRIAEYEINEPLDEATIVRLAEDTIMLQNSPRFNWECKYCIFSVICPAKLT,202
0,MREASARAVAWSAAAGVLLVAVLLVSATIGPEPITLRTVAMAALTELAVPVGASVTMHTHAVPVVSGGLPWPALTIAYAAPLQFGVPETAQVIVGTIRLPRIVLGATVGASLAISGAVLQGFFRNPMADPSIVGVSSGAAVGAVAAITLPSVVVIGVQPAAFAGALIAAFTVYAIATKNGHTPTATLLLSGVAVQTLLGAVTSFLVVNSGREIRPAMYWLMGTLHGSRWHDVEAALPVVVVGSAVLLAYAREMNVLLAGEEDAHTLGVDVDRTKRLLLAVASVVTAAAVSFAGAIGFVGLIVPHAVRLVVGPDHRVLLPVSALTGGAFLVAADTVARATATEPPVGIITALIGAPFFLYLLRDREVRAL,369
0,MTQCPQEMITPGHGIIADALIMHGLIKILHIEGKMEGWAERRGERFVVCAERPDLNWIDQWEPMELLEIAAEFKAKGKDRASEEEEQRPYFGLVHDLSRSTVDPGNFSSWISDVREALYALKADFDLSEEHKEKRGEGRARSKKRGYYTLYLPLSGVYGKYVVENYGIRQSQYAVCATCFALSTLGYIYGTVKARVERRSSSGGGHDVFNLTFIPRERTSLRSLMALQRMAGLVEMRPGDLNELGAVVYMLSVGETIYAVREGVDILVWVTQRAGNFQRTVGVNIFRGDRLLEAIAEIKYRAPSWPKIARQLGSSLNVLGEYLAFGGDVYHVIRSVMADLGRKGGKLAGLEGLAEALKKIG,361
0,MKVALGGTFEPLHEGHKKLIDVAIKLGGRDITIGVTSDRMARARIRSVLPFAIRAENVKRYVMRKYGFEPEIVKITNPYGKTLDVDFEYLVVSPETYEMALKINQKREELGKRKITIVKVDWMMAEDGKPISSTRIKRGEIDRYGGII,148
0,MFIEEFEIESITSTHLLEVLTREYPEVRSPSIKGAMRWWFRALAGSYFGDDAQKLKEIENQVFGSTKERSRVKISVTPLSSPKRLNLKEFKDKNVGYIWFSINLLGKRGTITHYYPPGSRFRVVLESPSERVIKLATLSLWALVSLGSVGFRSRRGTGSMKIVRASSEVLEDLGLTTEFNSIDEFKDSLKRVLDVTGEILGVKNSETNKSLPSYATLKFSDVEVFGPGKNTWEVLAQFNNSYKEYLRRRIKKYQRIIFGLPRFKLRGVRKDLRRASPLWFGVVEIGGKPYGRIIKFFQSTFHPEVRSKHIVDWNVLSNFDWFISSRLPVTKVWGGWSG,338
0,MLDLKFVRSSPDIVRHALINRNMSTELIDSLLEYDIAWRKCLTEGDELKHKRNVVTREIAKLKKENKDTLSKIEEMQGINSRIKEIDDIIRDYKSKIHEIMLRIPNIPSSTTPVGKDENDNPVVRIVGEPRKFTFTPKPHWEIGEALDILDFEKGAKISGQGFTVYKGMGAKLERALVNFMLEVHARQGYLEVFPPVLINEKAMTGTGQLPKFKDDMYLCTDGYYLAPTAEVPVTNLFMDDYIEKLPVFLTAYTACFRREAGKHGQDTRGIIRQHQFNKVELVKFVKPETSYDELEKLTNDAEEILKLLKLPYRVVNLCTGDIGFSAAKTYDLEVWVPTQEKYREISSCSNFENFQARRANIRFRTPDGPQFVHTLNGSGLAVGRTVVAILENYQREDGSVEIPEVLRPYLGGAKEISNEVKT,423
0,MMYEVKEFSSGKRKLEDYKSIIGEEEVSKIQEKAEKLKGRSFVHVNSTSFGGGVAEILHSLVPLLRSIGIEARWFVIEGPTEFFNVTKTFHNALQGNESLKLTEEMKELYLNVNRENSKFIDLSSFDYVLVHDPQPAALIEFYEKKSPWLWRCHIDLSSPNREFWEFLRRFVEKYDRYIFHLPEYVQPELDRNKAVIMPPSIDPLSEKNVELKQTEILRILERFDVDPEKPIITQVSRFDPWKGIFDVIEIYRKVKEKIPGVQLLLVGVMAHDDPEGWIYFEKTLRKIGEDYDVKVLTNLIGVHAREVNAFQRASDVILQMSIREGFGLTVTEAMWKGKPVIGRAVGGIKFQIVDGETGFLVRDANEAVEKVLYLLKHPEVSKEMGAKAKERVRKNFIITKHMERYLDILNSLGG,415
0,MTLSLDATQLDRYSRHIIMDEVGPEGQGRLLSSRVVVVGAGGLGAPAIQYLAAVGVGELVVVDDDVVERSNLQRQVVHCDDDVGTPKAESAAAFVRGLNPDVSVEPVEARVDKSNVHEVVAGSDVVVDASDNFPTRYLLNDVCRFEGIPLVHGAIYKFEGQATTLVPDGPCYRCLFPEAPEPGTVPDCATTGVLGVLPGTVGCIQATEAMKLLLDEGEALDGRLLFYDAMDMTFETVPYRTNPDCPVCGEGGVDSIEDIDYVESCAISLD,270
0,MAKLKEPIIAINFKTYIEATGKRALEIAKAAEKVYKETGVTIVVAPQLVDLRMIAESVEIPVFAQHIDPIKPGSHTGHVLPEAVKEAGAVGTLLNHSENRMILADLEAAIRRAEEVGLMTMVCSNNPAVSAAVAALNPDYVAVEPPELIGTGIPVSKAKPEVITNTVELVKKVNPEVKVLCGAGISTGEDVKKAIELGTVGVLLASGVTKAKDPEKAIWDLVSGIIKE,228
0,METPIAEELAKKQKSISVAEFFEKNRQILGFDSAPRSLITTVKEAVDNALDACEEAGILPDILVQVERTGPDYVTVIIEDNGPGIVREQIPKVFAKLLYGSRFHALKQSRGQQGIGISAAVLYAQMTAGRHTKILSKTSPTAPAHYYELMINTSTNEPDILVDEVRDWFRPHGTQIELEMRAAYVKGRRQSIYEYLKATAIVNPHARITLIDPDGNEEVFERATDKMPEPAEEILPHPEGIELGTLMKMLHYTERQKLAPFLRYSFCKIGLLTAEEICKAAGLDPEIDPHALGRHEARKLIEAFEKVKIMAPPTDCLSPIGEDLIYRGLEKETTVDFIATSTRKPAVYSGNPFVVEVGMAYGGNLPKEEKISIMRFANRVPLLYQQGGCVTTHAVEDIKWKQYGLNQPGGGIPVGPVILLIHVASINVPFTSESKDAIADIPVIKEEIDLAIKEVARKLKHYLSKQSNLKKRREKEIIITKVLPKLAAKVAHVLEKDVPDINPVVAKIMGNLLVHRVIKNNGDGTVDVAIKVKNFGTSAYSFRVHEMLPCKVSGAKPEPKVVTMGNDYDYVWDISASAGSSKVLSYKIESASEEELQKLPQLIVEGIEEELVTGAKAFKGV,621
0,MTFGYKLDEDGVTFNLWAPYQRKVKLKILNRGIYEMERDDKGYFTITLDNVRVGDRYKYILDDNSEVPDPASRYQPEGVHGYSEIISPDFEWDDENSVKVKREDLVIYELHIGTFTSEGTFEGVIKKLNYLKELGVTAIEIMPIAQFPGKKDWGYDGVYLYAVQNSYGGPSGFRKLVNEAHKLGLAVILDVVYNHVGPEGNYMVKLGPYFSEKYKTPWGLTFNFDDAGSDEVRKFILENVEYWINEFHVDGFRLDAVHAIIDNSPKHILEDIADVVHKYDKIVIAESDLNDPRVVNPKEKCGYNIDAQWVDDFHHAIHAFLTGERQGYYSDFGSIGDIVKSYKDVFIYDGKYSNFRRKTHGKSVGDLDGCKFVVYIQNHDQVGNRGGGERLIKLVDKESYKIAAALYILSPYIPMIFMGEEYGEENPFYYFSDFSDPKLIQGVREGRRRENGQETDPQSDCTFNDSKLSWKINDDILSFYKSLIKIRKEYGLACNRKLSVENGNYWLTVKGNGCLAVYVFSKSVIEMKYSGTLVLSSNSSFPSQITESKYELDKGFALYKL,561
0,MRLIVVSNRLPVTISPSGEIRESVGGLATAMKSFLGAVNGGRELGLEEVVWVGWSGVPSERESNDLRERLRGMGLEPVPLSSEEVEGFYEGFSNSTLWPLFHGFSEYATYEEKHWRAYRGVNEKYAKAVVALARPGDLVWIHDYHLMLAPAIVREAAEVGVGFFLHIPFPPAELLQLLPSEWRREILEGLLGSDLVGFHTYEYSANFSRSVVRFLGYKVEMGAIAVGHRRVRVGVFPIGIDFDRFYNSSQDPSVVEEMAKLREMLGRAKVVFSIDRLDYTKGVLRRVAAWERFLREHPEWRGRAVFVLVVVPSRTGVPMYEEMKRQIDREVGRINGELGELNWVPIVYLYRFIPSPTLMALYNIADVALITPLRDGMNLVAKEFVASKRDCRGVLILSELAGASKELAEALVINPNDVGGTAEAIAEALSMSEDEQCRRIRAMQERLRMRDVVRWGTDFIYSLISAKSAREEVEKALRYMEELSVDKLKSDFAKAKRRLLLLDYDGTLVPHYPYPHMAVPDGDLLELLSRLAALPETAVYVVSGRGRDFLDGWLGRLPVGLVAEHGFFLKHPGGEWKSLGKVDPSWRQYAKGIMEDFASNVPGSFVEVKEAGIAWHYRNADETIAEKAVVELIDALSNALAGSGLSILRGKKVVEVRPAGYTKGTAAKMLLDELSPDFVFVAGDDETDEGMFEVAPQSAYTVKVGPGPTLAKFRVGDYRGLRSLLEQLRPP,731
0,MKIMEPEIKIVNVVVSTKIGDNIDLEEVAMILENAEYEPEQFPGLVCRLSVPKVALLIFRSGKVNCTGAKSKEEAEIAIKKIIKELKDAGIDVIENPEIKIQNMVATADLGIEPNLDDIALMVEGTEYEPEQFPGLVYRLDDPKVVVLIFGSGKVVITGLKSEEDAKRALKKILDTIKEVQEL,183
0,MSQRMQQGQPMIIMGEDAQRVKDRDAQEYNIRAARAVAEAVRSTLGPKGMDKMLVDSMGDVTITNDGVTILKEMDIDNPTAEMIVEVAETQEDEAGDGTTTAVAIAGELLKNAEDLLEQDIHPTAIIRGFNLASEKAREEIDDIAERVDPDDEELLKKVAETSMTGKSSELNKELLADLIVRAVRQVTVEANDGSHVVDLENVSIETQTGRSASESELLTGAVIDKDPVHDDMPVQFDEADVLLLNEPVEVEETDIDTNVSIESPDQLQKFLDQEEAQLKQKVDQIVDSGADVVFCQKGIDDLAQHYLAKQGILAVRRTKKSDIRFLKNITGAAVVSDLDSIEAAVLGRASVRRDEAGELFYVEGIGDDVHGVTLLLRGSTDHVVDELERGVQDALDVVASTVADGRVLAGGGAIEVELASRLRNYADSVSGREQLAVEAYADALELVPRVLAENAGLDSIDTLVDLRAAHEDGQVRAGLNVFTGEVEDAFDAGVVETAHAKEQAVASASEAANLVLKIDDIIAAGDLSTGGDDDEEGGAPGGMGGMGGMGGMGGAM,557
0,MAAPVLLLKEGTSRTTGRDALRNNILAAKTLAEMLRSSLGPKGLDKMLIDSFGDVTITNDGATIVKDMEIQHPAAKLLVEAAKAQDAEVGDGTTSAVVLAGALLEKAESLLDQNIHPTIIIEGYKKAYNKALELLPQLGTRIDIKDLNSSVARDTLRKIAFTTLASKFIAEGAELNKIIDMVIDAIVNVAEPLPNGGYNVSLDLIKIDKKKGGSIEDSVLVKGLVLDKEVVHPGMPRRVTKAKIAVLDAALEVEKPEISAKISITSPEQIKAFLDEESKYLKDMVDKLASIGANVVICQKGIDDIAQHFLAKKGILAVRRVKRSDIEKLEKALGARIISSIKDATPEDLGYAELVEERRVGNDKMVFIEGAKNLKAVNILLRGSNDMALDEAERSINDALHALRNILLEPVILPGGGAIELELAMKLREYARSVGGKEQLAIEAFADALEEIPLILAETAGLEAISSLMDLRARHAKGLSNTGVDVIGGKIVDDVYALNIIEPIRVKSQVLKSATEAATAILKIDDLIAAAPLKSEKKGGEGSKEESGGEGGSTPSLGD,559
0,MMTGQVPILVLKEGTQREQGKNAQRNNIEAAKAIADAVRTTLGPKGMDKMLVDSIGDIIISNDGATILKEMDVEHPTAKMIVEVSKAQDTAVGDGTTTAVVLSGELLKQAETLLDQGVHPTVISNGYRLAVNEARKIIDEIAEKSTDDATLRKIALTALSGKNTGLSNDFLADLVVKAVNAVAEVRDGKTIVDTANIKVDKKNGGSVNDTQFISGIVIDKEKVHSKMPDVVKNAKIALIDSALEIKKTEIEAKVQISDPSKIQDFLNQETNTFKQMVEKIKKSGANVVLCQKGIDDVAQHYLAKEGIYAVRRVKKSDMEKLAKATGAKIVTDLDDLTPSVLGEAETVEERKIGDDRMTFVMGCKNPKAVSILIRGGTDHVVSEVERALNDAIRVVAITKEDGKFLWGGGAVEAELAMRLAKYANSVGGREQLAIEAFAKALEIIPRTLAENAGIDPINTLIKLKAEHEKGRISVGVDLDNNGVGDMKAKGVVDPLRVKTHALESAVEVATMILRIDDVIASKKSTPPSGQGGQGQGMPGGGMPEY,545
0,MATATVATTPEGIPVIILKEGSSRTYGKEALRANIAAVKAIEEALKSTYGPRGMDKMFVDSLGDITITNDGATILDKMDLQHPTGKLLVQIAKGQDEETADGTKTAVILAGELAKKAEDLLYKEIHPTIIVSGYKKAEEIALKTIQDIAQPVSINDTDVLRKVALTSLGSKAVAGAREYLADLVVKAVAQVAELRGDKWYVDLDNVQIVKKHGGSINDTQLVYGIVVDKEVVHPGMPKRIENAKIALLDASLEVEKPELDAEIRINDPTQMHKFLEEEENILKEKVDKIAATGANVVICQKGIDEVAQHYLAKKGILAVRRAKKSDLEKLARATGGRVISNIDELTSQDLGYAALVEERKVGEDKMVFVEGAKNPKSVSILIRGGLERVVDETERALRDALGTVADVIRDGRAVAGGGAVEIEIAKRLRKYAPQVGGKEQLAIEAYANAIEGLIMILAENAGLDPIDKLMQLRSLHENETNKWYGLNLFTGNPEDMWKLGVIEPALVKMNAIKAATEAVTLVLRIDDIVAAGKKGGSEPGGKKEKEEKSSED,552
0,MNFKSICLIILLSALIIPYIPQNIYFFPHRNTTGATISSGLYVNPYLYYTSPPAPAGIASFGLYNYSGNVTPYVITTNEMLGYVNITSLLAYNREALRYGVDPYSATLQFNIVLSVNTSNGVYAYWLQDVGQFQTNKNSLTFIDNVWNLTGSLSTLSSSAITGNGQVASAGGGQTFYYDVGPSYTYSFPLSYIYIINMSYTSNAVYVWIGYEIIQIGQTEYGTVNYYDKITIYQPNIISASLMINGNNYTPNGLYYDAELVWGGGGNGAPTSFNSLNCTLGLYYISNGSITPVPSLYTFGADTAEAAYNVYTTMNNGVPIAYNGIENLTILTNNFSVILI,340
0,MELKFSAEVELTLSREVDPAEIEPTVEEFVKEANEDLLQRGVPTGKEGAKIESYRVLEDTIEMEITGTRYLRPHEAAMRVRKRLAERLGRKHRVGVRDLKIPRYEVVLRFDREVTRDDVGYVPVADDVVVEDGTVRLTFQDVDEEMLRRHVIDRVIRLVAWAVEERSELVERVTKVEPGTVVDESGPREIRFDGDVTEEARRRGWVKEFPGRGQWIYTPPMAALFEVLRDFLLERVTRKLGFEPALFPKLIPLETMFRMRYLHGLPDGMYYVCPPKRDPELFDDFKRELYVWGELNERTLGSLKEKLRDPGYVLAPAQCEPFYELLRDEVVDPERLPIKLYDCSGWTYRWEGGAAKGLERVNEFQRIEHVWIAEPEEAERIREELLEATKRVAEELELEWKVVVSDDPFYLEGRLLEDRDIELPDVPSYEFEVYLPFKGERSSEEAWISVGSFNVHGEHFVDGFNVKEKSGRTLFTGCAGLGVTRWVVGLLAQHGFEPEEWPEPILERIDEKFGGLPEVPKTLTWPE,527
0,MKFKLKGIIKLSKEVPGIEDDLEKFFTEAESDILRRGVPEGQEHEAAHIKSWRLEGDTLHIEMESGRRVRAHDGLLRLKKPLGQLLGPKYRVGVRGISVTDYTMEMKAPGVSGIPSLAELPFVEDAAITDGTIMVRFQPLEESDLRKHVFDRVVKHARTLVESSDDLTVQVTRATPGEIIARSRSRDFFFEGDPTEEAMRLGWVKKFPGRGQWFYGPKITALHRALEEFFIERIVKPLGFVECLFPKLIPLDIMNKMRYLEGLPEGMYYCSAPSRDPETFEEFKNELIINREVPMDLLKRGIKDPGYVIAPAQCEPFYQFLSHEVVSAEDLPVKFFDRSGWTYRWEAGGSKGLDRVHEFQRVELVWLAEPGETEEIRDRTVELSHDAADELELEWYTEVGDDPFYLEGRKVEERGIEFPDVPKYEMRLSLPGREKGVAVVSANVHGTHFIEGFSIREARNLNIWTGCTGIGLSRWIYGFLAQKGFETGNWPDFIGERVEGVENPRIITWPRQD,513
0,MYPKKTHWTAEITPNLHGTEVVVAGWVWELRDIGRVKFVVVRDREGFVQVTLKAGKTPDHLFKVFAELSREDVVVIKGIVEASKIAKSGVEIFPSEIWILNKAKPLPIDIWSETPDLATRLKWRSVDLKRPRNLVVFTVASAMLRSIREVLYGEGFVEVFTPKIIVTSTEGGAELFPVMYFERVAYLSQSPQLYKEQLTASLERVFEIGPAYRAEKHNTDYHLNEFISVDAEAAFMDYNDIMDILEKIMRRLASTVSEYAPKLEEVGIKALMELSNIPRVDYDEAVDRLRQLGYAVNWGDDFTVEMQKALMKYYGPVYFIVNFPASLRPFYTKRKDGEKSESYDLIINGIEVASGATRIHKRDELEEEMKKRGLDPRLFESHLSVFDYGMPPHAGFGLGFNRLVTALLGLDNVRHATLYPRDRYRVEP,428
0,MVEFTVPEVDYTRYTNRQLAAVPLAVLAVALLVIGGWYVATGAPVNPGVDFTGGTELRIATDAPQSEVAAAFDSQPESIRSVAADGTYVVTFQSGSATSTELQTQAEDAGFEVRSIDAVSANFGGETQLLALGGLAVAFAGMSVLVFAMFRSFVPSIAVVLSAFSDIVIPVALMNLFGIELSLGTVAALLMLIGYSVDSDILLNNHVLRRSGDFYESTARAMRTGVTMTLTSIAAMIVMTIMATLFGIQLLAAIGTVLVFGLTADLMNTYMLNVTLLRWYKFEGVTR,287
0,MEVIIKAKVKPTEDKYKVKKAILNIFPKAKLTFIEKDNEFGEWEGKTKSVEKLKELLRSQSILDAARMVLEKGMTENATKFYLNKQAAYVGAVNFDIDTHGGIFVKILADENEDIMKIIKDIAPRTKGGVIINEDELEEEEEKEDSEEIKEGHKEENNLKIKVIDNSSGD,170
0,MARLLEEHGFETKTNVIVQGNCVEQEIDVVAERDGERYMIECKFHNIPVYTGLKEAMYTYARFLDVEKHGFTQPWIFTNTKFSEEAKKYAGCVGIKLTGWSYPEKEGIEVLLESKGLYPITILRIDKEVLDELVRAGLVFCRDVVSAGEEKLREIGLSAKKAREVIAEAKKVIG,174
0,MEKLKEFRGIKEHLGVFREAVKDAERIGFAGVPGVCTPFAQLFAYAVRDKDNIFIPNTDFSKARKLEVTEYGVELGEISPGNVDVLVLLGGLSMPGIGSDIEDVKKLVEDALEEGGELMGLCYMDMFARAGWYELLDFDCVINADIDGYVLRG,153
0,MSLRKLTEGDLDEISSFLHNTISDFILKRVSAKEIVDIDITVLVEYTDELKVDISAELYLDELSDADPGIVDEAVDAAYRSLESFLDGFRE,91
0,MALESLKEVARKIAGSSSIDKKFVEEMVKEIQRALIKADVNVRQVKEISDAIKKRALSEDVLPALNAKEQILKIVYEELLRGVGEGLEIPLKKAKIMLVGLQGSGKTTTTAKMAKYFKDRGMKVAVVAADTWRPAAYEQLRQLAEEYGITFYGEKGEKDAVKIVKNALEKLKDHDMIIIDTAGRHALEDELIDEMIKIAEVARPDYKLLVLDAAIGQLASKQAQAFHEAIGINGIIITKFDGTAKGGGALSAARQIGIPIAFIGTGEKVEDFERFDPAGFVSRLLGMGDIKALMEKIERIASEEELDPEAFLKGTFTLKDIYKQIEAMNKMGPVRKIFEMLPFGLGLKVDNDVMEMTQEKMKKFRVIMDSMTEEELLNPKIIDSSRIRRIAIGSGTSPQEVKELLNYYKTMKNLMKKMKKNKLPIKGLGKLGF,433
0,MGRFVVWPSELDSRLSRKYGRIVPRSIAVESPRVEEIVRAAEELKFKVIRVEEDKLNPRLSGIDEELRTFGMIVLESPYGKSKSLKLIAQKIREFRRRSA,100
0,MVVYLVGAGPGDPELITLKAVNVLKKADVVLYDKPANEEILKYAEGAKLIYVGKQAGHHYKSQNEINTLLVEEAKENDLVVRLKGGDPFVFGRGGEEILALVEEGIDFELVPGVTSAIGVPTTIGLPVTHRGVATSFTVVTGHEDPTKCKKQVGWDFKADTIVILMGIGNLAENTAEIMKHKDPETPVCVIENGTMEGQRIITGTLENIAGKDIKPPALVVLEMLSMFLKK,231
0,MVAKGRIIRVTGPLVVADGMKGAKMYEVVRVGELGLIGEIIRLEGDKAVIQVYEETAGVRPGEPVVGTGASLSVELGPGLLTSIYDGIQRPLEVIREKTGDFIARGVTAPALPRDKKWHFIPKAKVGDKVVGGDIIGEVPETSIIVHKIMVPPGIEGEIVEIAEEGDYTIEEVIAKVKTPSGEIKELKMYQRWPVRVKRPYKEKLPPEVPLITGQRVIDTFFPQAKGGTAAIPGPFGSGKCVDGDTLVLTKEFGLIKIKELYEKLDGKGRKIVEGNEEWTELEKPITVYGYKDGKIVEIKATHVYKGVSSGMVEIRTRTGRKIKVTPIHRLFTGRVTKDGLILKEVMAMHVKPGDRIAVVKKIDGGEYIKLDSSNVGEIKVPEILNEELAEFLGYLMANGTLKSGIIEIYCDDESLLERVNSLSLKLFGVGGRIVQKVDGKALVIQSKPLVDVLRRLGVPEDKKVENWKVPRELLLSPSNVVRAFVNAYIKGKEEVEITLASEEGAYELSYLFAKLGIYVTISKSGEYYKVRVSRRGNLDTIPVEVNGMPKVLPYEDFRKFAKSIGLEEVAENHLQHIIFDEVIDVRYIPEPQEVYDVTTETHNFVGGNMPTLLHNTVTQHQLAKWSDAQVVIYIGCGERGNEMTDVLEEFPKLKDPKTGKPLMERTVLIANTSNMPVAAREASIYTGITIAEYFRDMGYDVALMADSTSRWAEALREISGRLEEMPGEEGYPAYLASKLAEFYERAGRVVTLGSDYRVGSVSVIGAVSPPGGDFSEPVVQNTLRVVKVFWALDADLARRRHFPAINWLTSYSLYVDAVKDWWHKNIDPEWKAMRDKAMALLQKESELQEIVRIVGPDALPERERAILLVARMLREDYLQQDAFDEVDTYCPPEKQVTMMRVLLNFYDKTMEAINRGVPLEEIAKLPVREEIGRMKFERDVSKIRSLIDKTNEQFEELFKKYGA,964
0,MKKAYPVINRVECKACERCIIACPRKVLYMSNKINERGYHYVEYRGEGCNGCGNCYYTCPEINAIEVHIERCEDGDTDG,79
0,MAKDVITRALLRPIYKIYEKILWSQIKDGPFPFHVGIIPDGNRRWARNNRLPLDQGYYTGYVKLRDVLTWILEIGISTVTVFALSAENCEKRTQQELSMIFKYLKIGLDELLTSDLVHKYQVRVKAIGMLDKLPEDLKKLVVDLESTTEKYNKKKLILAICYGGRQEILDAIRKIMNDYKLGIIDSKSIDESTFRKYLYDQELSDIDLLIRSSGEIRISNFLLWHLAYSELFFVDVYWPDFRKIDLWRAIRSFQKRKRNFGA,262
0,MPLYVIDKPITLHILTQLRDKYTDQINFRKNLVRLGRILGYEISNTLDYEIVEVETPLGVKTKGVDITDLNNIVIINILRAAVPLVEGLLKAFPKARQGVIGASRVEVDGKEVPKDMDVYIYYKKIPDIRAKVDNVIIADPMIATASTMLKVLEEVVKANPKRIYIVSIISSEYGVNKILSKYPFIYLFTVAIDPELNNKGYILPGLGDAGDRAFG,216
0,MYQAKRERMIGKKILGERYVTVSEAAEIMYNRAQIGELSYEQGCALDYLQKFAKLDKEEAKKLVEELISLGIDEKTAVKIADILPEDLDDLRAIYYKRELPENAEEILEIVRKYI,115
0,MKFAVIDRKNFTLIHFEIEKPIKPEILKEIEIPSVDTRKGVVISGRGPIWLHCFLAHKYHHTPFVAVYDPRLGAVVVQSHSELREGDVIDVVVEEILKGGVRHV,104
0,MRIGNLNVEIEFIADNIVRVLYYYGREAIVDNSLVVLPNLEKLSIKGESTGPSIISFSSESLSVDINTSNGELIMKDNKGGIVVKEKRRDLKFNEELSTYNVEQEFELSEGERVYGLGQHAGGNGLGQSSAYKLDYSGLSTTLSQRNTDIGIPFIVSSKGYGILWDNYSLGSISLRRNKLKVWFEAGKKIDYYVIYGDSIDDVIKGYRKLTGDAPLLPKWAYGYWQSKERYKSQDEITSVVKEFRERKIPLDVIVLDWRYWGKYGWNAFKFDETDFPRPKDMVEEIHKMGAKLAISIWPTFGKETEVFKDMESKGCIILGTTAFNPFKDECRELFWSYVKGFYDLGIDAYWLDASEPETGLGLVFFSPIHDVDLEIGKGYEYLNAYPLMETKAVYEGQRRISNKRVVILTRSAFAGQQRHSAISWSGDVLGDWATLRAQIPAGLNFSISGIPYWTTDTGGFFSGNPETKAYAEIFVRWFQWSTFCPILRVHGTIFPKEPWRFPREYQEVILKYIRLRYKLLPYIYSLAWMTYSIGYTIMRPLVMDFRDDQNVYDFDEQYMFGPYILISPVTLPSIIEKEVYLPSKEYWYDFWTGEKLEGGRMMDVKVTLDTIPLFVRSGAVLPLLGKNVNNAEEYWDVIDLRVYPGKNGYFELYDDDGITYEYEKGKYYIIPITWDEDKQELTIGKKRGELEMSKKIIKIIWVEKGKGIEHTKPDVEIEYNGKETITVKRG,731
0,MVLNKVTYKINAYKIKEEFIPKEVHFYRIKSFVNEAFNFYRFVNFYGGMIINKKDKSFVLPYKVDNKVLKYKDGNNEIPIDIEYIKSLKLEYVKPEIAEKLVRGYLKSVHKIEPELSRIIKNIRKHKVVENIKVESYCEYEVKKHDGDYYLILNFRHTASITKHLWDFVNRDKALLEEYVGKKIIFKPNPKVRYTISLVDAPNPQKIEEIMSHIIKYYKWSEDMVKSTFGEIDYNQPIMYCEEILEPFAPQFCNLVFYMDELDSYILKELQSYWRLSNENKGKIINEIAKKLRFIDNTPKELEFMKFNNTPLLVKDVNKNPTKIYSTNTLFTWIYNQNAKIYLPYDVPEIIRNKNLLTYILIDEEIKDELKAIKDKVNKMFRNYNKIANKTELPKFNYANRWKYFSTDDIRGIIKEIKSEFNDEICFALIIGKEKYKDNDYYEILKKQLFDLKIISQNILWENWRKDDKGYMTNNLLIQIMGKLGIKYFILDSKTPYDYIMGLDTGLGIFGNHRVGGCTVVYDSEGKIRRIQPIETPAPGERLHLPYVIEYLENKANIDMENKNILFLRDGFIQNSERNDLKEISKELNSNIEVISIRKNNKYKVFTSDYRIGSVFGNDGIFLPHKTPFGSNPVKLSTWLRFNCGNEEGLKINESIMQLLYDLTKMNYSALYGEGRYLRIPAPIHYADKFVKALGKNWKIDEELLKHGFLYFI,713
0,MIFMRKVVAEVSIIPLGKGASVSKYVKKAIEVFKKYDLKVETNAMGTVLEGDLDEILKAFKEAHSTVLNDVDRVVSSLKIDERKDKENTIERKLKAIGEL,100
0,MILLEKTQEKKINDKEELIVKEEVETNWDYGCNPYERKIEDLIKYGVVVVDKPRGPTSHEVSTWVKKILNLDKAGHGGTLDPKVTGVLPVALERATKTIPMWHIPPKEYVCLMHLHRDASEEDILRVFKEFTGRIYQRPPLKAAVKRRLRIRKIHELELLDKDGKDVLFRVKCQSGTYIRKLCEDIGEALGTSAHMQELRRTKSGCFEEKDAVYLQDLLDAYVFWKEDGDEEELRRVIKPMEYGLRHLKKVVVKDSAVDAICHGADVYVRGIAKLSKGIGKGETVLVETLKGEAVAVGKALMNTKEILNADKGVAVDVERVYMDRGTYPRMWKRKK,336
0,MAYEISVDEIAEGWLKLVEKIMSDGREIRDERGSLTREVMNTVVTIKNPLGRSGDFYHLPARSLINIRVPEGYFWSGEKLEKYSEQFLSDDRKGFVYTYGNRLRAHFGVDQVDRAIERLKNCKESRRATMVTWDPKIDTESDEVPCMILVDFKVREGRLFTTALWRSHDIYGAWFPNAVGLAYLADHVASEVGVEVGHITIHSISAHIYEVNFKEAKEVIKNG,223
0,MAAERLDPWGAVEIKDYDRLLRTFGIRPFSEVLPLLRKAGMEPSFLMRRGIIFGHRDFDKILEAKARGERVAVLTGFMPSGKFHFGHKLTVDQLIYLQKNGFKVFVAIADAEAFAVRRIGREEAVRIAVEEYIANMIALGLDPKDTEFYFQTNRGTPYFRLIQLFSGKVTAAEMEAIYGELTPAKMMASLTQAADILHVQLDEYGGYRHVVVPVGADQDPHLRLTRDLADRMAGVVELERPASTYHKLQPGLDGRKMSSSRPDSTIFLTDPPEVARNKLFRALTGGRATAEEQRRLGGVPEVCSVYHMDLYHLMPDDGEVKHIYTSCRLGKILCGECKQIAWEKLERFLAEHQSRLEKAKTIAWKLVEPPRF,372
0,MPKPYVAINMAELKNEPKTFEMFASVGPKVCMVTARHPGFVGFQNHIQIGILPFGNRYGGAKMDMTKESSTVRVLQYTFWKDWKDHEEMHRQNWSYLFRLCYSCASQMIWGPWEPIYEIIYANMPINTEMTDFTAVVGKKFAEGKPLDIPVISQPYGKRVVAFAEHSVIPGKEKQFEDAIVRTLEMLKKAPGFLGAMVLKEIGVSGIGSMQFGAKGFHQVLENPGSLEPDPNNVMYSVPEAKNTPQQYIVHVEWANTDALMFGMGRVLLYPELRQVHDEVLDTLVYGPYIRILNPMMEGTFWREYLNEQ,309
0,MEEKVGNLKPNMESVNVTVRVLEASEARQIQTKNGVRTISEAIVGDETGRVKLTLWGKHAGSIKEGQVVKIENAWTTAFKGQVQLNAGSKTKIAEASEDGFPESSQIPENTPTAPQQMRGGGRGFRGGGRRYGRRGGRRQENEEGEEE,148
0,MFSKILVANRGEIAIRVMRACRELGIKSVAVYSEADKNALFTRYADEAYEIGKPAPSQSYLRIDRILEVAEKAGAEAIHPGYGFLAENPRLGEECEKQGIKLIGPKGSVIEAMGDKITSKKLMKKAGVPVIPGTDQGVSDPDEAARIADSIGYPVIIKASAGGGGIGMRAVYEEDELIRAMESTQSVAASAFGDPTVYIEKYLERPRHIEFQVMADESGNVIHLADRECSIQRRHQKLIEEAPSPIMTPELRERMGSAAVKAAEYIGYENAGTVEFLYSNGDFYFLEMNTRIQVEHPITEVITGVDLVKEQIRVASGEELRFTQKDINIRGHAIECRINAENPLADFAPNPGKITGYRSPGGIGVRVDSGVYMNYEIPPFYDSMISKLIVWGMDRQEAINRMKRALSEYIILGVKTTIPFHKAIMRNEAFRRGELHTHFVDEYRRGIDAEMRKIVKEDQEMVERLQSTFLPSKKVAAISAAIGTYMHSRRG,491
0,MKTIGILGGMGPLATAELFRRIVIKTPAKRDQEHPKVIIFNNPQIPDRTAYILGKGEDPRPQLIWTAKRLEECGADFIIMPCNTAHAFVEDIRKAIKIPIISMIEETAKKVKELGFKKAGLLATTGTIVSGVYEKEFSKYGVEIMTPTEDEQKDVMRGIYEGVKAGNLKLGRELLLKTAKILEERGAECIIAGCTEVSVVLKQDDLKVPLIDPMDVIAEVAVKVALEK,228
0,MTEDLLSGLSIPDDADSEEAAAIAAAVGAHLHDQTAAAVAAAADEEETWDEKRWQYAGRLDSVTGCARRVPSGAPTNAWAASGRTDRF,88
0,MIDPAYRKKMVVVEGSYAVAHSAKVCRPNVISAYPITPQTHIVEHLSQFMADGEIPNCEYVNVEAEFSAISALIGASAVGARTYSATTSQGLLLMHEALFNTSGMRLPVVMTVANRAVSAPINIWNDHQDAIAQRDTGWMQLYVEDVQEACDTLPQLYKIAEDNEIMVPGMVCMDGFILSHVYEPVVLLEQDLTDNFLPPFQPEDILDPEDPKTFGAFASPDTYEEFRYLHEQAMQKALPKIEATAKEFEEVYGRYHGGLIDGYMLDDAEIVVMAMGSILGTVKDVVDKYRAKGEKIGVLKVRSFRPFPKEQICKAVKNAHAVVVLDKNISIGTNEGALFTETKSCLYNSKVRVPVIGYTIGHGGRDIPVESIAKVIEETKKVAKSGITIESQFMDLKEELL,402
0,MVTFLEKISERAKKLNKTIALPETEDIRTLQAAAKILERGIADIVLVGNEADIKALAGDLDLSKAKIVDPKTYEKKDEYINAFYELRKHKGITLENAAEIMSDYVYFAVMMAKLGEVDGVVSGAAHSSSDTLRPAVQIVKTAKGAALASAFFIISVPDCEYGSDGTFLFADSGMVEMPSVEDVANIAVISAKTFELLVQDVPKVAMLSYSTKGSAKSKLTEATIASTKLAQELAPDIAIDGELQVDAAIVPKVAASKAPGSPVAGKANVFIFPDLNCGNIAYKIAQRLAKAEAYGPITQGLAKPINDLSRGCSDEDIVGAVAITCVQAAAQDK,333
0,MRIVFDIGGSVLVPENPDIDFIKEIAYQLTKVSEDHEVAVVVGGGKLARKYIEVAEKFNSSETFKDFIGIQITRANAMLLIAALREKAYPVVVEDFWEAWKAVQLKKIPVMGGTHPGHTTDAVAALLAEFLKADLLVVITNVDGVYTADPKKDPTAKKIKKMKPEELLEIVGKGIEKAGSSSVIDPLAAKIIARSGIKTIVIGKEDAKDLFRVIKGDHNGTTIEP,225
0,MKKVLITGFEPFGGDSKNPTEQIAKYFDRKQIGNAMVYGRVLPVSVKRATIELKRYLEEIKPEIVINLGLAPTYSNITVERIAVNIIDARIPDNDGYQPIDEKIEEDAPLAYMATLPVRAITKTLRDNGIPATISYSAGTYLCNYVMFKTLHFSKIEGYPLKAGFIHVPYTPDQVVNKFFLLGKNTPSMCLEAEIKAIELAVKVSLDYLEKDRDDIKIPL,220
0,MRFTRIAIRNFKPYEDAELDLRDGVTVIHGVNGSGKSSLLEACFFALYGSKALAGTLEDVVTTGADDAEITLEFVHDGGEYRIDRRVRVSGDRATTAKCVLDGPEGTVEGARDVRRHVASLLRMDAEAFVNCAYVQQGEVNKLINATPSQRQDMIDDLLQLGKLETYRERAGNARLGVEDVLTKKRSVLEDVESQIEAKEDADLHATLNALESELDSLDEEISNYESQRDKAKSALDAAEATLDEHAEKRERLDEIESAIEDLTAKISADETKRDDLSERVRELDAAADELESDIDDALARADLDDASDEAIADAREALSARESELRDDLSEARTRAQAFETQAERLRERADDLESRAEEKREAAEVDAETAAEAERELESFRETRAELRSALDDAEARFEDAPVELGEAADLLEERREARSEARESLAETETELKNARERLAEAERLRDAGKCPECGQPVEGSPHVDAISEREAAVESLEADRESLESAVESRSAAVEAAEALVEVETRASSRRDRLDLVDERIADREETVESRREAAEEKREAAAELDSEAEEKREAATTQAERAEEVAETVDSLESDLDTLDDRRDRLDRVESLVDTRAEKIDARDRLREKRETLAEVNRERREHLRERRERRDELRETVDEEAVEGAKQRKKNAAAYLERVEDEVLPELREKRDDLQSRVGGVEAELEQLDDLRERRDHLAERVDALESVHDEVSTLESTYGDLRAELRQRNVEVLERMLNETFDLVYANDAYSRIRLDGEYGLTVFQKDGTALEPEQLSGGERALFNLSLRCAIYRLLAEGIDGAAPLPPLILDEPTVFLDGGHVSRLVDLVEDMQSRGVKQILIVSHDEDLVGAADDLVRVEKNPTTNRSTVERTDAPIVEGALADD,893
0,MDYINLNYRPNEGDLLSCMVIKGENLEKLANEIAGESSIGTWTKVQTMKSDIYEKLRPKVYEIKEIGEENGYKVGLIKIAYPLYDFEINNMPGVLAGIAGNIFGMKIAKGLRILDFRFPAEFVKAYKGPRFGIEGVRETLKIKERPLLGTIVKPKVGLKTEEHAKVAYEAWVGGVDLVKDDENLTSQEFNKFEDRIYKTLEMRDKAEEETGERKAYMPNITAPYREMIRRAEIAEDAGSEYVMIDVVVCGFSAVQSFREEDFKFIIHAHRAMHAAMTRSRDFGISMLALAKIYRLLGVDQLHIGTVVGKMEGGEKEVKAIRDEIVYDKVEADNENKFFNQDWFDIKPVFPVSSGGVHPRLVPKIVEILGRDLIIQAGGGVHGHPDGTRAGAKAMRAAIEAIIEGKSLEEKAEEVAELKKALEYWK,425
